Time,Call Duration,Cost,Disconnection Reason,Call Status,User Sentiment,Call Successful,End to End Latency
01/01/2026 12:32,0:59,$0.198,user_hangup,ended,Neutral,Successful,2459.3
01/01/2026 08:58,1:28,$0.291,user_hangup,ended,Neutral,Unsuccessful,2508.5
01/01/2026 06:29,0:50,$0.166,agent_hangup,ended,Neutral,Unsuccessful,2408.0
01/01/2026 13:12,1:53,$0.375,user_hangup,ended,Neutral,Unsuccessful,2650.7
01/01/2026 10:30,0:47,$0.157,agent_hangup,ended,Positive,Unsuccessful,2579.8
01/01/2026 11:45,0:53,$0.177,user_hangup,ended,Negative,Unsuccessful,2225.7
01/01/2026 13:48,1:19,$0.262,agent_hangup,ended,Negative,Unsuccessful,2334.3
01/01/2026 12:34,1:36,$0.319,agent_hangup,ended,Neutral,Successful,2774.8
01/01/2026 09:40,1:34,$0.312,agent_hangup,ended,Neutral,Unsuccessful,2526.9
01/01/2026 07:29,1:06,$0.221,user_hangup,ended,Positive,Successful,2417.6
01/01/2026 11:45,2:05,$0.413,user_hangup,ended,Neutral,Successful,2509.6
01/01/2026 09:34,1:34,$0.313,agent_hangup,ended,Neutral,Unsuccessful,2068.4
01/01/2026 10:02,1:00,$0.200,user_hangup,ended,Neutral,Unsuccessful,2940.8
01/01/2026 07:15,2:19,$0.461,user_hangup,ended,Neutral,Unsuccessful,2168.4
01/02/2026 12:10,1:31,$0.303,user_hangup,ended,Neutral,Unsuccessful,1988.2
01/02/2026 12:14,2:10,$0.430,user_hangup,ended,Neutral,Successful,2450.5
01/02/2026 05:13,2:10,$0.430,user_hangup,ended,Positive,Unsuccessful,2326.5
01/02/2026 14:07,0:00,$0.000,user_hangup,not_connected,Neutral,Successful,1863.2
01/02/2026 10:50,2:09,$0.429,agent_hangup,ended,Positive,Successful,3109.9
01/02/2026 06:53,0:18,$0.060,agent_hangup,ended,Positive,Unsuccessful,2943.7
01/02/2026 09:16,1:59,$0.395,user_hangup,ended,Neutral,Successful,2373.0
01/02/2026 16:52,1:49,$0.363,user_hangup,ended,Neutral,Successful,2353.3
01/04/2026 09:31,1:09,$0.229,user_hangup,ended,Positive,Unsuccessful,3007.9
01/04/2026 17:30,0:53,$0.177,user_hangup,ended,Negative,Successful,1837.4
01/04/2026 12:31,1:29,$0.296,agent_hangup,ended,Neutral,Successful,2207.1
01/04/2026 12:19,1:46,$0.350,agent_hangup,ended,Neutral,Unsuccessful,2183.7
01/05/2026 05:38,1:12,$0.239,user_hangup,ended,Negative,Successful,2701.7
01/05/2026 13:30,1:18,$0.259,agent_hangup,ended,Neutral,Successful,2518.7
01/05/2026 10:32,2:13,$0.440,user_hangup,ended,Neutral,Successful,2817.2
01/05/2026 14:55,1:41,$0.336,user_hangup,ended,Neutral,Unsuccessful,2162.8
01/05/2026 10:13,1:07,$0.224,user_hangup,ended,Neutral,Successful,2810.0
01/05/2026 09:28,0:45,$0.150,agent_hangup,ended,Neutral,Successful,2614.8
01/05/2026 07:15,1:30,$0.297,agent_hangup,ended,Neutral,Unsuccessful,2219.8
01/05/2026 06:12,2:33,$0.507,user_hangup,ended,Neutral,Successful,2514.7
01/05/2026 09:35,1:40,$0.332,agent_hangup,ended,Neutral,Unsuccessful,2273.8
01/05/2026 08:05,1:49,$0.360,user_hangup,ended,Neutral,Unsuccessful,2485.6
01/05/2026 11:22,1:27,$0.288,agent_hangup,ended,Neutral,Successful,2661.2
01/06/2026 04:45,1:16,$0.251,user_hangup,ended,Neutral,Unsuccessful,2191.1
01/06/2026 08:14,0:00,$0.000,agent_hangup,not_connected,Neutral,Successful,2121.4
01/06/2026 12:45,1:52,$0.372,user_hangup,ended,Positive,Successful,2352.9
01/06/2026 13:58,1:55,$0.381,user_hangup,ended,Positive,Successful,2666.9
01/07/2026 04:14,1:11,$0.234,user_hangup,ended,Neutral,Unsuccessful,2754.8
01/07/2026 10:01,2:19,$0.460,agent_hangup,ended,Neutral,Unsuccessful,2260.6
01/07/2026 11:26,3:03,$0.606,user_hangup,ended,Neutral,Unsuccessful,2809.9
01/07/2026 08:02,0:53,$0.175,user_hangup,ended,Neutral,Unsuccessful,2319.7
01/07/2026 10:17,1:10,$0.233,agent_hangup,ended,Neutral,Unsuccessful,1846.2
01/07/2026 10:43,2:06,$0.418,user_hangup,ended,Neutral,Unsuccessful,2240.9
01/07/2026 08:50,1:03,$0.209,user_hangup,ended,Neutral,Successful,2299.9
01/07/2026 11:48,0:38,$0.127,user_hangup,ended,Neutral,Unsuccessful,2243.0
01/07/2026 07:52,2:23,$0.475,user_hangup,ended,Positive,Unsuccessful,3033.2
01/08/2026 14:28,1:19,$0.264,agent_hangup,ended,Neutral,Successful,2142.2
01/08/2026 12:07,2:13,$0.440,agent_hangup,ended,Neutral,Unsuccessful,2372.1
01/08/2026 03:04,2:15,$0.446,user_hangup,ended,Positive,Successful,2428.8
01/08/2026 11:40,1:56,$0.385,user_hangup,ended,Neutral,Unsuccessful,2039.5
01/08/2026 07:04,0:46,$0.154,user_hangup,ended,Neutral,Successful,2456.8
01/08/2026 08:05,1:40,$0.332,agent_hangup,ended,Neutral,Successful,1587.4
01/08/2026 06:18,2:19,$0.460,user_hangup,ended,Neutral,Unsuccessful,2262.2
01/08/2026 09:12,0:52,$0.175,user_hangup,ended,Neutral,Unsuccessful,2205.2
01/08/2026 08:40,1:55,$0.381,user_hangup,ended,Negative,Successful,3365.1
01/09/2026 07:18,1:44,$0.345,agent_hangup,ended,Neutral,Unsuccessful,3530.0
01/09/2026 08:53,0:00,$0.000,user_hangup,not_connected,Neutral,Unsuccessful,3768.4
01/09/2026 10:09,2:50,$0.563,agent_hangup,ended,Positive,Successful,2297.2
01/09/2026 12:44,2:25,$0.480,user_hangup,ended,Negative,Successful,2706.7
01/09/2026 12:23,1:57,$0.389,agent_hangup,ended,Neutral,Unsuccessful,2298.0
01/09/2026 14:16,1:21,$0.269,agent_hangup,ended,Neutral,Unsuccessful,2325.1
01/09/2026 10:14,1:43,$0.341,agent_hangup,ended,Neutral,Successful,2533.9
01/09/2026 14:09,1:39,$0.327,agent_hangup,ended,Neutral,Unsuccessful,2580.8
01/09/2026 13:29,2:31,$0.501,user_hangup,ended,Neutral,Successful,2840.2
01/10/2026 14:51,2:17,$0.455,agent_hangup,ended,Neutral,Successful,2678.7
01/10/2026 08:58,1:59,$0.393,agent_hangup,ended,Neutral,Successful,2646.2
01/11/2026 12:01,1:20,$0.264,user_hangup,ended,Neutral,Successful,2315.7
01/11/2026 12:35,2:28,$0.491,agent_hangup,ended,Neutral,Successful,2636.2
01/11/2026 10:55,1:44,$0.346,agent_hangup,ended,Neutral,Successful,2220.1
01/11/2026 17:32,1:20,$0.265,user_hangup,ended,Neutral,Successful,2668.5
01/12/2026 12:36,1:51,$0.368,user_hangup,ended,Neutral,Unsuccessful,3048.0
01/12/2026 15:22,1:10,$0.232,user_hangup,ended,Neutral,Successful,2661.3
01/12/2026 18:58,0:00,$0.000,user_hangup,not_connected,Negative,Successful,1996.9
01/12/2026 14:54,0:45,$0.151,user_hangup,ended,Positive,Successful,2322.7
01/12/2026 10:42,1:53,$0.376,agent_hangup,ended,Neutral,Successful,2220.9
01/12/2026 12:24,0:39,$0.129,agent_hangup,ended,Neutral,Successful,1928.7
01/13/2026 11:05,1:35,$0.316,user_hangup,ended,Neutral,Successful,2520.6
01/13/2026 11:06,2:35,$0.515,agent_hangup,ended,Neutral,Unsuccessful,3033.3
01/13/2026 15:47,0:53,$0.177,agent_hangup,ended,Positive,Successful,2798.4
01/13/2026 15:13,0:43,$0.145,agent_hangup,ended,Neutral,Successful,2083.1
01/13/2026 15:35,1:04,$0.214,agent_hangup,ended,Neutral,Successful,3051.5
01/13/2026 07:11,2:36,$0.516,user_hangup,ended,Neutral,Successful,2593.2
01/13/2026 04:13,1:11,$0.236,agent_hangup,ended,Negative,Unsuccessful,3057.1
01/14/2026 12:16,2:00,$0.396,user_hangup,ended,Neutral,Successful,2704.1
01/14/2026 08:15,1:23,$0.276,user_hangup,ended,Positive,Unsuccessful,2693.3
01/14/2026 12:54,2:03,$0.409,agent_hangup,ended,Neutral,Successful,2353.1
01/14/2026 12:17,2:00,$0.397,agent_hangup,ended,Positive,Successful,3319.5
01/14/2026 11:23,2:55,$0.579,user_hangup,ended,Negative,Successful,2838.5
01/14/2026 07:17,1:59,$0.395,agent_hangup,ended,Neutral,Unsuccessful,1699.8
01/14/2026 12:35,1:31,$0.301,user_hangup,ended,Neutral,Unsuccessful,2925.0
01/14/2026 10:04,0:35,$0.117,agent_hangup,ended,Neutral,Successful,3429.8
01/14/2026 08:20,1:55,$0.382,agent_hangup,ended,Neutral,Unsuccessful,1622.7
01/14/2026 10:39,0:57,$0.190,agent_hangup,ended,Neutral,Unsuccessful,2743.5
01/14/2026 12:17,1:31,$0.302,agent_hangup,ended,Positive,Successful,2991.0
01/14/2026 15:27,0:41,$0.138,agent_hangup,ended,Neutral,Successful,2176.5
01/14/2026 11:46,1:18,$0.259,user_hangup,ended,Neutral,Unsuccessful,2307.9
01/15/2026 07:54,1:30,$0.299,user_hangup,ended,Neutral,Unsuccessful,1870.8
01/15/2026 11:43,1:11,$0.236,agent_hangup,ended,Neutral,Successful,2611.0
01/15/2026 09:29,1:39,$0.329,user_hangup,ended,Neutral,Successful,2405.3
01/15/2026 14:20,1:37,$0.321,agent_hangup,ended,Neutral,Unsuccessful,2609.0
01/15/2026 11:01,2:16,$0.450,agent_hangup,ended,Neutral,Successful,2742.2
01/15/2026 14:49,1:01,$0.203,agent_hangup,ended,Neutral,Successful,2193.9
01/15/2026 11:32,1:59,$0.394,agent_hangup,ended,Neutral,Successful,1888.3
01/15/2026 12:30,1:05,$0.215,agent_hangup,ended,Neutral,Successful,2551.8
01/15/2026 09:59,1:18,$0.259,agent_hangup,ended,Neutral,Unsuccessful,2796.4
01/15/2026 14:00,0:46,$0.153,user_hangup,ended,Neutral,Successful,2565.6
01/15/2026 10:28,0:51,$0.171,agent_hangup,ended,Neutral,Unsuccessful,2759.4
01/16/2026 06:31,2:12,$0.438,agent_hangup,ended,Neutral,Unsuccessful,2421.1
01/16/2026 10:01,1:13,$0.242,user_hangup,ended,Neutral,Unsuccessful,2766.9
01/16/2026 09:59,0:37,$0.123,agent_hangup,ended,Neutral,Unsuccessful,1865.9
01/16/2026 12:32,1:51,$0.369,user_hangup,ended,Neutral,Successful,2384.7
01/16/2026 17:31,0:37,$0.124,user_hangup,ended,Neutral,Successful,2578.5
01/16/2026 12:24,0:40,$0.133,user_hangup,ended,Neutral,Successful,2090.2
01/17/2026 07:19,1:45,$0.349,agent_hangup,ended,Positive,Successful,3054.7
01/18/2026 10:19,2:06,$0.418,agent_hangup,ended,Neutral,Unsuccessful,2247.8
01/18/2026 10:10,1:33,$0.308,agent_hangup,ended,Neutral,Unsuccessful,2293.3
01/18/2026 16:56,1:51,$0.368,user_hangup,ended,Neutral,Successful,2216.3
01/19/2026 10:01,0:00,$0.000,agent_hangup,not_connected,Neutral,Unsuccessful,2447.4
01/19/2026 08:44,2:21,$0.467,agent_hangup,ended,Positive,Unsuccessful,2782.0
01/19/2026 06:24,1:48,$0.359,agent_hangup,ended,Neutral,Unsuccessful,1997.8
01/19/2026 14:06,1:34,$0.313,agent_hangup,ended,Neutral,Successful,2492.8
01/19/2026 06:27,1:17,$0.254,agent_hangup,ended,Neutral,Successful,2182.0
01/19/2026 09:55,0:54,$0.181,agent_hangup,ended,Neutral,Successful,2771.2
01/19/2026 11:14,0:33,$0.110,agent_hangup,ended,Neutral,Successful,2518.2
01/19/2026 12:06,1:31,$0.301,agent_hangup,ended,Neutral,Unsuccessful,2141.3
01/19/2026 12:25,0:53,$0.175,agent_hangup,ended,Positive,Successful,1683.4
01/20/2026 10:43,1:12,$0.239,agent_hangup,ended,Neutral,Successful,2347.8
01/20/2026 17:28,1:10,$0.234,agent_hangup,ended,Neutral,Successful,3300.4
01/20/2026 10:03,1:44,$0.345,user_hangup,ended,Positive,Unsuccessful,2019.0
01/20/2026 07:51,0:45,$0.150,agent_hangup,ended,Neutral,Unsuccessful,3050.9
01/20/2026 06:40,0:57,$0.189,agent_hangup,ended,Negative,Successful,2462.7
01/20/2026 11:05,1:00,$0.199,agent_hangup,ended,Neutral,Unsuccessful,2141.3
01/20/2026 06:22,1:24,$0.279,user_hangup,ended,Neutral,Successful,2363.2
01/20/2026 12:26,2:26,$0.482,agent_hangup,ended,Neutral,Successful,2895.3
01/20/2026 15:38,2:23,$0.472,agent_hangup,ended,Neutral,Successful,2052.6
01/20/2026 11:20,0:34,$0.115,user_hangup,ended,Neutral,Successful,3224.8
01/20/2026 09:01,1:47,$0.356,agent_hangup,ended,Neutral,Successful,2998.7
01/20/2026 09:52,1:36,$0.319,user_hangup,ended,Positive,Successful,2558.9
01/20/2026 08:38,2:21,$0.466,user_hangup,ended,Negative,Unsuccessful,1956.2
01/21/2026 11:35,2:52,$0.568,user_hangup,ended,Neutral,Successful,2290.6
01/21/2026 13:01,0:29,$0.096,user_hangup,ended,Neutral,Successful,3003.9
01/21/2026 10:32,1:00,$0.199,user_hangup,ended,Positive,Successful,2457.9
01/21/2026 12:29,0:59,$0.197,agent_hangup,ended,Neutral,Successful,1951.3
01/21/2026 08:30,0:04,$0.015,user_hangup,ended,Neutral,Unsuccessful,3163.2
01/21/2026 08:12,0:50,$0.165,agent_hangup,ended,Neutral,Successful,3202.7
01/21/2026 08:39,0:37,$0.125,agent_hangup,ended,Positive,Successful,2116.0
01/21/2026 13:52,0:49,$0.163,agent_hangup,ended,Neutral,Successful,2532.6
01/21/2026 08:49,1:52,$0.370,user_hangup,ended,Neutral,Successful,2845.4
01/21/2026 08:36,2:16,$0.449,user_hangup,ended,Neutral,Unsuccessful,2355.9
01/21/2026 14:50,0:34,$0.113,agent_hangup,ended,Neutral,Unsuccessful,2873.8
01/21/2026 12:21,1:35,$0.316,user_hangup,ended,Negative,Unsuccessful,3130.9
01/21/2026 07:38,2:03,$0.409,user_hangup,ended,Neutral,Unsuccessful,2415.6
01/21/2026 09:17,2:19,$0.461,user_hangup,ended,Neutral,Unsuccessful,2552.3
01/21/2026 13:35,0:56,$0.187,agent_hangup,ended,Neutral,Successful,2710.5
01/22/2026 10:39,1:09,$0.231,agent_hangup,ended,Neutral,Successful,2946.7
01/22/2026 09:41,1:36,$0.320,user_hangup,ended,Neutral,Unsuccessful,2511.1
01/22/2026 13:09,1:09,$0.228,user_hangup,ended,Neutral,Unsuccessful,2530.7
01/22/2026 08:02,1:52,$0.372,agent_hangup,ended,Positive,Successful,2488.0
01/22/2026 03:34,1:32,$0.304,agent_hangup,ended,Neutral,Successful,2012.3
01/22/2026 14:04,1:11,$0.238,agent_hangup,ended,Neutral,Successful,2048.2
01/22/2026 10:44,1:56,$0.383,agent_hangup,ended,Neutral,Successful,2558.2
01/22/2026 09:38,2:47,$0.554,user_hangup,ended,Neutral,Successful,2715.2
01/22/2026 11:20,0:45,$0.152,agent_hangup,ended,Neutral,Successful,2445.8
01/22/2026 11:37,1:02,$0.205,user_hangup,ended,Neutral,Unsuccessful,2616.4
01/22/2026 18:27,1:43,$0.342,agent_hangup,ended,Neutral,Unsuccessful,2628.1
01/22/2026 10:03,1:36,$0.319,agent_hangup,ended,Positive,Successful,2043.3
01/22/2026 11:43,0:52,$0.173,user_hangup,ended,Neutral,Successful,2638.9
01/22/2026 13:31,1:50,$0.363,user_hangup,ended,Neutral,Unsuccessful,1899.9
01/23/2026 10:41,1:46,$0.352,user_hangup,ended,Neutral,Unsuccessful,2841.8
01/23/2026 08:38,1:50,$0.365,agent_hangup,ended,Neutral,Unsuccessful,2221.6
01/23/2026 09:31,1:42,$0.339,agent_hangup,ended,Neutral,Successful,2539.6
01/23/2026 12:30,1:44,$0.345,agent_hangup,ended,Neutral,Successful,2607.8
01/23/2026 09:19,1:42,$0.339,agent_hangup,ended,Neutral,Unsuccessful,2197.8
01/23/2026 11:28,1:53,$0.374,user_hangup,ended,Neutral,Successful,2983.9
01/23/2026 12:31,1:45,$0.348,user_hangup,ended,Neutral,Successful,3466.0
01/23/2026 13:27,1:42,$0.338,user_hangup,ended,Neutral,Successful,2409.0
01/23/2026 09:27,1:57,$0.389,agent_hangup,ended,Neutral,Unsuccessful,2939.3
01/23/2026 08:20,1:26,$0.285,user_hangup,ended,Neutral,Successful,2353.7
01/24/2026 11:25,2:02,$0.405,user_hangup,ended,Neutral,Successful,2491.1
01/24/2026 08:38,2:31,$0.500,user_hangup,ended,Neutral,Unsuccessful,1995.5
01/25/2026 04:04,1:28,$0.292,user_hangup,ended,Neutral,Successful,2298.9
01/26/2026 16:13,2:49,$0.560,agent_hangup,ended,Neutral,Unsuccessful,2443.7
01/26/2026 15:11,1:35,$0.316,agent_hangup,ended,Positive,Successful,2701.6
01/26/2026 15:28,2:18,$0.458,agent_hangup,ended,Neutral,Unsuccessful,2532.6
01/26/2026 08:00,1:28,$0.294,user_hangup,ended,Neutral,Unsuccessful,2842.3
01/26/2026 11:27,2:21,$0.467,user_hangup,ended,Neutral,Unsuccessful,2454.2
01/26/2026 06:04,0:55,$0.184,agent_hangup,ended,Neutral,Successful,2631.4
01/26/2026 08:46,1:22,$0.271,agent_hangup,ended,Neutral,Successful,2939.6
01/27/2026 10:31,1:35,$0.315,user_hangup,ended,Positive,Unsuccessful,2554.4
01/27/2026 12:46,1:22,$0.272,user_hangup,ended,Neutral,Successful,2278.6
01/27/2026 16:54,1:05,$0.216,user_hangup,ended,Neutral,Unsuccessful,2333.1
01/27/2026 15:42,1:28,$0.293,user_hangup,ended,Neutral,Unsuccessful,2909.3
01/27/2026 09:19,2:33,$0.505,user_hangup,ended,Positive,Unsuccessful,2774.1
01/27/2026 14:23,0:01,$0.005,agent_hangup,ended,Neutral,Unsuccessful,1954.1
01/27/2026 06:14,2:05,$0.413,user_hangup,ended,Neutral,Unsuccessful,3139.6
01/27/2026 11:46,1:19,$0.263,agent_hangup,ended,Neutral,Unsuccessful,2929.1
01/27/2026 08:53,2:06,$0.419,agent_hangup,ended,Positive,Unsuccessful,2203.5
01/28/2026 13:00,1:12,$0.238,agent_hangup,ended,Neutral,Successful,2365.8
01/28/2026 06:54,0:45,$0.150,agent_hangup,ended,Neutral,Unsuccessful,2466.6
01/28/2026 06:10,1:40,$0.333,user_hangup,ended,Neutral,Successful,2382.9
01/28/2026 09:45,1:17,$0.256,user_hangup,ended,Positive,Successful,2305.3
01/28/2026 07:37,1:35,$0.316,user_hangup,ended,Neutral,Successful,2718.4
01/28/2026 11:54,0:00,$0.000,agent_hangup,not_connected,Neutral,Unsuccessful,2653.7
01/28/2026 12:31,2:06,$0.416,user_hangup,ended,Neutral,Successful,2827.9
01/29/2026 12:19,0:38,$0.126,agent_hangup,ended,Negative,Successful,2413.5
01/29/2026 10:05,2:40,$0.530,user_hangup,ended,Neutral,Unsuccessful,2247.5
01/29/2026 12:19,1:23,$0.276,user_hangup,ended,Positive,Successful,2601.8
01/29/2026 10:12,0:39,$0.132,user_hangup,ended,Neutral,Successful,2545.1
01/29/2026 09:23,2:04,$0.411,user_hangup,ended,Neutral,Successful,2352.4
01/29/2026 08:32,0:37,$0.125,user_hangup,ended,Neutral,Unsuccessful,2887.9
01/29/2026 06:01,1:13,$0.241,user_hangup,ended,Neutral,Successful,2468.9
01/29/2026 12:23,0:54,$0.178,user_hangup,ended,Neutral,Unsuccessful,2804.4
01/29/2026 06:26,1:11,$0.237,agent_hangup,ended,Neutral,Unsuccessful,2266.7
01/29/2026 10:05,1:26,$0.285,agent_hangup,ended,Positive,Successful,2133.4
01/29/2026 04:12,1:33,$0.307,user_hangup,ended,Neutral,Successful,3027.3
01/29/2026 10:49,1:21,$0.270,user_hangup,ended,Neutral,Unsuccessful,2181.9
01/30/2026 09:20,0:50,$0.168,user_hangup,ended,Neutral,Successful,2823.8
01/30/2026 18:50,1:56,$0.385,user_hangup,ended,Neutral,Unsuccessful,2946.4
01/30/2026 05:30,1:33,$0.309,user_hangup,ended,Neutral,Successful,2244.3
01/30/2026 13:25,2:14,$0.443,user_hangup,ended,Neutral,Successful,2354.6
01/30/2026 07:21,0:00,$0.000,agent_hangup,not_connected,Neutral,Unsuccessful,2273.1
01/30/2026 11:34,1:52,$0.372,user_hangup,ended,Positive,Successful,2204.0
01/30/2026 11:27,1:32,$0.307,agent_hangup,ended,Neutral,Successful,2231.1
01/30/2026 12:27,1:45,$0.348,user_hangup,ended,Neutral,Unsuccessful,2229.1
01/30/2026 09:11,1:33,$0.308,agent_hangup,ended,Neutral,Successful,2490.6
01/30/2026 10:43,0:24,$0.082,agent_hangup,ended,Neutral,Unsuccessful,2076.1
01/31/2026 10:16,1:23,$0.276,user_hangup,ended,Neutral,Successful,3228.5
01/31/2026 12:49,1:06,$0.218,user_hangup,ended,Neutral,Unsuccessful,3533.9
02/01/2026 12:07,1:23,$0.274,user_hangup,ended,Neutral,Successful,1961.8
02/02/2026 09:36,0:54,$0.181,user_hangup,ended,Neutral,Successful,2426.0
02/02/2026 04:03,2:44,$0.544,user_hangup,ended,Neutral,Successful,1657.3
02/02/2026 17:23,1:11,$0.237,agent_hangup,ended,Neutral,Successful,2260.1
02/02/2026 07:26,2:12,$0.437,agent_hangup,ended,Neutral,Unsuccessful,2836.9
02/02/2026 10:30,1:00,$0.200,user_hangup,ended,Neutral,Successful,2573.9
02/02/2026 13:37,1:08,$0.227,user_hangup,ended,Neutral,Successful,1890.8
02/03/2026 13:33,2:21,$0.466,agent_hangup,ended,Neutral,Successful,2495.7
02/03/2026 08:23,0:38,$0.128,user_hangup,ended,Neutral,Successful,3110.1
02/03/2026 13:07,0:35,$0.116,user_hangup,ended,Neutral,Unsuccessful,1974.3
02/03/2026 09:24,1:06,$0.220,user_hangup,ended,Neutral,Successful,2330.1
02/03/2026 11:15,2:23,$0.473,user_hangup,ended,Neutral,Unsuccessful,3030.8
02/03/2026 11:21,1:20,$0.266,agent_hangup,ended,Neutral,Successful,2607.6
02/03/2026 09:03,0:57,$0.190,user_hangup,ended,Negative,Successful,2481.4
02/03/2026 10:51,2:26,$0.483,user_hangup,ended,Positive,Successful,2845.2
02/03/2026 08:21,0:19,$0.064,user_hangup,ended,Neutral,Unsuccessful,2503.3
02/03/2026 13:38,2:03,$0.406,agent_hangup,ended,Neutral,Unsuccessful,1957.5
02/03/2026 12:37,0:19,$0.065,agent_hangup,ended,Negative,Successful,3083.8
02/04/2026 15:02,1:10,$0.234,user_hangup,ended,Positive,Successful,2230.3
02/04/2026 09:04,1:08,$0.227,agent_hangup,ended,Neutral,Successful,2973.8
02/04/2026 10:12,1:06,$0.221,agent_hangup,ended,Neutral,Unsuccessful,2639.8
02/04/2026 07:34,1:49,$0.361,user_hangup,ended,Neutral,Unsuccessful,2425.6
02/05/2026 08:27,1:29,$0.296,user_hangup,ended,Neutral,Successful,1831.8
02/05/2026 08:05,1:01,$0.204,agent_hangup,ended,Neutral,Unsuccessful,2827.1
02/05/2026 11:17,0:37,$0.122,user_hangup,ended,Neutral,Successful,1722.3
02/05/2026 12:54,1:09,$0.229,user_hangup,ended,Neutral,Unsuccessful,2050.7
02/05/2026 10:37,1:47,$0.356,agent_hangup,ended,Positive,Unsuccessful,2610.3
02/05/2026 09:35,2:00,$0.396,user_hangup,ended,Positive,Unsuccessful,2913.7
02/05/2026 13:21,1:50,$0.365,agent_hangup,ended,Neutral,Unsuccessful,2447.9
02/05/2026 15:19,1:11,$0.237,user_hangup,ended,Neutral,Unsuccessful,2510.4
02/05/2026 08:04,1:49,$0.361,user_hangup,ended,Neutral,Unsuccessful,3095.9
02/05/2026 07:14,1:41,$0.334,user_hangup,ended,Neutral,Unsuccessful,2678.5
02/05/2026 11:19,2:22,$0.470,agent_hangup,ended,Negative,Successful,2026.9
02/05/2026 17:52,1:07,$0.224,user_hangup,ended,Neutral,Unsuccessful,2822.2
02/05/2026 11:23,1:54,$0.377,agent_hangup,ended,Neutral,Successful,2111.2
02/06/2026 13:49,0:00,$0.000,user_hangup,not_connected,Neutral,Unsuccessful,1934.5
02/06/2026 10:26,0:18,$0.062,user_hangup,ended,Neutral,Unsuccessful,3233.3
02/06/2026 07:24,1:39,$0.328,user_hangup,ended,Positive,Successful,2573.4
02/06/2026 16:28,1:35,$0.315,user_hangup,ended,Neutral,Unsuccessful,3052.5
02/06/2026 11:22,2:32,$0.502,user_hangup,ended,Neutral,Successful,2351.1
02/06/2026 14:45,0:46,$0.155,user_hangup,ended,Neutral,Successful,2095.4
02/06/2026 10:42,1:30,$0.298,user_hangup,ended,Neutral,Unsuccessful,2702.5
02/07/2026 11:47,2:09,$0.426,user_hangup,ended,Neutral,Successful,2117.8
02/08/2026 13:09,1:03,$0.210,user_hangup,ended,Neutral,Successful,2756.1
02/08/2026 05:04,1:01,$0.204,user_hangup,ended,Neutral,Successful,2015.9
02/08/2026 12:02,2:24,$0.478,user_hangup,ended,Neutral,Successful,2598.9
02/09/2026 08:39,0:59,$0.198,agent_hangup,ended,Neutral,Successful,2457.4
02/09/2026 09:09,0:23,$0.079,agent_hangup,ended,Neutral,Successful,2500.3
02/09/2026 10:26,1:18,$0.259,agent_hangup,ended,Neutral,Unsuccessful,2414.0
02/09/2026 07:31,1:24,$0.280,user_hangup,ended,Neutral,Unsuccessful,2883.5
02/09/2026 09:52,1:20,$0.264,user_hangup,ended,Negative,Unsuccessful,1928.9
02/09/2026 08:26,1:21,$0.268,user_hangup,ended,Neutral,Successful,2411.3
02/09/2026 09:19,2:12,$0.439,user_hangup,ended,Neutral,Unsuccessful,2127.9
02/09/2026 09:46,1:13,$0.243,agent_hangup,ended,Negative,Unsuccessful,2456.8
02/09/2026 15:04,1:16,$0.253,agent_hangup,ended,Neutral,Successful,2293.7
02/09/2026 09:43,2:47,$0.554,agent_hangup,ended,Neutral,Unsuccessful,2771.4
02/10/2026 08:21,1:41,$0.335,user_hangup,ended,Neutral,Unsuccessful,2292.0
02/10/2026 09:19,2:29,$0.494,user_hangup,ended,Neutral,Successful,2606.2
02/10/2026 13:56,1:42,$0.337,agent_hangup,ended,Neutral,Successful,2819.1
02/10/2026 15:10,0:14,$0.049,user_hangup,ended,Neutral,Unsuccessful,2042.3
02/10/2026 09:33,1:09,$0.229,user_hangup,ended,Neutral,Unsuccessful,2495.3
02/10/2026 05:09,1:01,$0.204,agent_hangup,ended,Positive,Successful,2667.8
02/10/2026 11:20,1:52,$0.373,agent_hangup,ended,Neutral,Successful,2993.9
02/10/2026 13:43,2:02,$0.404,agent_hangup,ended,Neutral,Unsuccessful,2598.1
02/10/2026 12:12,0:49,$0.164,user_hangup,ended,Neutral,Successful,2938.7
02/10/2026 11:49,1:10,$0.233,agent_hangup,ended,Neutral,Unsuccessful,2756.9
02/10/2026 13:40,1:27,$0.289,user_hangup,ended,Neutral,Unsuccessful,2286.3
02/10/2026 08:20,1:45,$0.347,user_hangup,ended,Neutral,Unsuccessful,2284.7
02/10/2026 09:11,1:46,$0.350,agent_hangup,ended,Neutral,Successful,2385.1
02/11/2026 07:43,2:40,$0.528,agent_hangup,ended,Neutral,Successful,3828.8
02/11/2026 11:55,0:30,$0.100,agent_hangup,ended,Neutral,Successful,2094.8
02/11/2026 10:23,1:41,$0.334,user_hangup,ended,Positive,Unsuccessful,2767.0
02/11/2026 13:38,2:10,$0.432,agent_hangup,ended,Neutral,Successful,3051.6
02/11/2026 17:32,1:18,$0.260,agent_hangup,ended,Neutral,Unsuccessful,2128.7
02/11/2026 14:40,2:17,$0.455,user_hangup,ended,Neutral,Unsuccessful,2055.6
02/11/2026 11:17,0:46,$0.155,agent_hangup,ended,Positive,Unsuccessful,2188.4
02/11/2026 09:27,1:50,$0.366,agent_hangup,ended,Neutral,Unsuccessful,3118.2
02/11/2026 10:00,0:49,$0.165,user_hangup,ended,Neutral,Successful,2777.4
02/12/2026 11:06,2:00,$0.399,agent_hangup,ended,Neutral,Successful,2303.2
02/12/2026 11:18,0:45,$0.150,user_hangup,ended,Neutral,Unsuccessful,1874.1
02/12/2026 09:43,0:38,$0.127,agent_hangup,ended,Neutral,Unsuccessful,2634.5
02/12/2026 14:51,2:12,$0.437,agent_hangup,ended,Positive,Successful,2840.1
02/12/2026 13:36,1:00,$0.201,agent_hangup,ended,Neutral,Unsuccessful,2408.7
02/12/2026 15:32,1:25,$0.281,agent_hangup,ended,Neutral,Unsuccessful,2449.2
02/13/2026 11:39,1:05,$0.215,agent_hangup,ended,Neutral,Successful,2907.7
02/13/2026 11:09,2:33,$0.507,user_hangup,ended,Negative,Unsuccessful,1789.6
02/13/2026 12:29,1:01,$0.203,agent_hangup,ended,Negative,Unsuccessful,2453.2
02/13/2026 10:37,2:02,$0.403,agent_hangup,ended,Neutral,Successful,2840.0
02/13/2026 05:59,1:26,$0.284,agent_hangup,ended,Neutral,Unsuccessful,2151.0
02/13/2026 08:08,0:36,$0.121,user_hangup,ended,Neutral,Successful,2005.5
02/13/2026 13:21,1:18,$0.260,user_hangup,ended,Positive,Unsuccessful,1712.2
02/13/2026 08:12,0:00,$0.000,user_hangup,not_connected,Neutral,Unsuccessful,1955.4
02/13/2026 10:31,2:47,$0.551,agent_hangup,ended,Neutral,Unsuccessful,1321.1
02/13/2026 10:16,2:27,$0.486,user_hangup,ended,Neutral,Successful,2984.8
02/13/2026 07:59,1:44,$0.346,user_hangup,ended,Positive,Successful,2618.1
02/13/2026 10:36,1:18,$0.259,user_hangup,ended,Neutral,Successful,2735.7
02/14/2026 08:21,1:09,$0.229,user_hangup,ended,Neutral,Unsuccessful,2442.8
02/14/2026 10:02,0:47,$0.156,agent_hangup,ended,Neutral,Successful,2845.6
02/14/2026 07:29,0:50,$0.167,user_hangup,ended,Negative,Successful,3056.6
02/14/2026 11:23,0:58,$0.194,user_hangup,ended,Neutral,Unsuccessful,2473.0
02/14/2026 11:58,1:01,$0.201,user_hangup,ended,Neutral,Unsuccessful,2304.5
02/14/2026 14:25,2:01,$0.401,user_hangup,ended,Neutral,Successful,2051.6
02/15/2026 08:10,1:16,$0.251,user_hangup,ended,Positive,Unsuccessful,2220.9
02/15/2026 04:24,1:14,$0.247,agent_hangup,ended,Neutral,Unsuccessful,2613.7
02/16/2026 07:06,1:51,$0.369,agent_hangup,ended,Positive,Unsuccessful,3144.7
02/16/2026 08:28,1:18,$0.260,agent_hangup,ended,Neutral,Unsuccessful,2477.7
02/16/2026 10:02,2:06,$0.417,user_hangup,ended,Neutral,Unsuccessful,2597.4
02/16/2026 08:55,2:56,$0.583,agent_hangup,ended,Neutral,Successful,2463.8
02/16/2026 14:31,2:11,$0.435,user_hangup,ended,Neutral,Successful,2258.4
02/16/2026 16:23,2:33,$0.506,agent_hangup,ended,Neutral,Successful,2683.0
02/16/2026 09:55,1:48,$0.358,agent_hangup,ended,Neutral,Successful,2098.5
02/16/2026 05:50,1:15,$0.249,user_hangup,ended,Positive,Unsuccessful,2395.0
02/16/2026 09:41,1:27,$0.290,agent_hangup,ended,Negative,Unsuccessful,3306.5
02/16/2026 17:16,1:14,$0.246,user_hangup,ended,Positive,Successful,1654.7
02/16/2026 09:20,1:40,$0.333,agent_hangup,ended,Neutral,Unsuccessful,2599.3
02/16/2026 09:20,0:42,$0.140,agent_hangup,ended,Neutral,Successful,2036.7
02/17/2026 05:07,1:13,$0.242,user_hangup,ended,Positive,Unsuccessful,2820.7
02/17/2026 10:01,1:47,$0.355,user_hangup,ended,Neutral,Successful,3625.4
02/17/2026 14:11,1:35,$0.315,user_hangup,ended,Neutral,Successful,2143.0
02/17/2026 10:11,1:18,$0.258,agent_hangup,ended,Positive,Unsuccessful,2499.8
02/17/2026 09:13,1:59,$0.395,user_hangup,ended,Neutral,Unsuccessful,2527.1
02/17/2026 16:10,1:32,$0.305,user_hangup,ended,Neutral,Successful,2802.9
02/17/2026 13:07,1:27,$0.289,user_hangup,ended,Negative,Successful,2346.4
02/17/2026 12:38,0:54,$0.178,agent_hangup,ended,Negative,Successful,3191.2
02/17/2026 12:11,1:16,$0.253,user_hangup,ended,Neutral,Successful,3097.6
02/18/2026 08:04,2:15,$0.448,user_hangup,ended,Neutral,Unsuccessful,2924.7
02/18/2026 12:36,1:44,$0.344,agent_hangup,ended,Neutral,Successful,2308.0
02/18/2026 11:38,0:31,$0.105,user_hangup,ended,Neutral,Unsuccessful,1511.6
02/18/2026 10:06,1:47,$0.355,user_hangup,ended,Positive,Successful,2801.2
02/18/2026 15:47,2:35,$0.512,agent_hangup,ended,Neutral,Successful,2853.2
02/18/2026 14:25,0:59,$0.195,agent_hangup,ended,Positive,Unsuccessful,2423.1
02/18/2026 04:16,1:59,$0.395,agent_hangup,ended,Neutral,Successful,2079.1
02/18/2026 12:29,0:14,$0.048,agent_hangup,ended,Neutral,Unsuccessful,2907.9
02/18/2026 18:32,1:10,$0.232,agent_hangup,ended,Negative,Successful,2108.7
02/18/2026 08:30,1:32,$0.307,agent_hangup,ended,Positive,Successful,2673.1
02/18/2026 13:47,1:44,$0.344,user_hangup,ended,Neutral,Successful,2397.9
02/19/2026 06:59,1:56,$0.386,agent_hangup,ended,Neutral,Unsuccessful,2503.6
02/19/2026 11:02,2:25,$0.479,user_hangup,ended,Neutral,Unsuccessful,3296.6
02/19/2026 14:01,1:29,$0.295,agent_hangup,ended,Neutral,Unsuccessful,2403.7
02/19/2026 07:53,1:22,$0.272,agent_hangup,ended,Neutral,Unsuccessful,1955.3
02/19/2026 11:11,2:24,$0.477,user_hangup,ended,Neutral,Unsuccessful,2808.4
02/19/2026 10:27,0:37,$0.124,user_hangup,ended,Neutral,Successful,2347.6
02/19/2026 06:34,2:07,$0.422,agent_hangup,ended,Positive,Unsuccessful,2506.8
02/19/2026 08:04,1:37,$0.321,user_hangup,ended,Neutral,Successful,2569.6
02/19/2026 10:21,1:11,$0.238,user_hangup,ended,Neutral,Unsuccessful,2535.1
02/19/2026 06:11,2:09,$0.427,agent_hangup,ended,Neutral,Successful,3002.7
02/19/2026 07:45,2:00,$0.398,agent_hangup,ended,Neutral,Successful,1342.6
02/19/2026 09:32,0:35,$0.117,user_hangup,ended,Neutral,Successful,1796.2
02/19/2026 10:25,2:12,$0.437,agent_hangup,ended,Negative,Unsuccessful,1710.5
02/20/2026 08:46,2:08,$0.424,agent_hangup,ended,Positive,Successful,2350.0
02/20/2026 13:50,2:07,$0.421,agent_hangup,ended,Neutral,Unsuccessful,3128.6
02/20/2026 08:01,2:11,$0.435,user_hangup,ended,Neutral,Successful,1867.4
02/20/2026 10:05,0:46,$0.154,agent_hangup,ended,Neutral,Unsuccessful,2575.5
02/20/2026 08:26,1:47,$0.355,agent_hangup,ended,Neutral,Successful,2701.9
02/20/2026 08:37,0:49,$0.162,agent_hangup,ended,Neutral,Successful,2500.0
02/21/2026 11:45,0:43,$0.144,agent_hangup,ended,Neutral,Unsuccessful,2420.5
02/21/2026 14:51,2:17,$0.454,agent_hangup,ended,Neutral,Successful,2288.9
02/22/2026 16:10,0:27,$0.090,user_hangup,ended,Neutral,Unsuccessful,2365.0
02/22/2026 11:49,2:16,$0.452,user_hangup,ended,Positive,Unsuccessful,2801.5
02/22/2026 08:23,1:47,$0.353,user_hangup,ended,Neutral,Unsuccessful,2321.7
02/22/2026 14:28,1:24,$0.280,agent_hangup,ended,Neutral,Successful,2785.3
02/23/2026 11:10,1:00,$0.200,agent_hangup,ended,Positive,Successful,2301.2
02/23/2026 11:27,1:19,$0.264,agent_hangup,ended,Negative,Unsuccessful,2338.9
02/23/2026 13:45,2:36,$0.516,agent_hangup,ended,Negative,Unsuccessful,2841.4
02/23/2026 10:33,2:10,$0.430,user_hangup,ended,Positive,Successful,1490.3
02/23/2026 13:16,1:22,$0.273,agent_hangup,ended,Neutral,Successful,2896.4
02/23/2026 09:44,0:40,$0.134,agent_hangup,ended,Neutral,Successful,2608.0
02/24/2026 07:39,0:35,$0.116,agent_hangup,ended,Neutral,Successful,2807.5
02/24/2026 13:00,2:07,$0.421,agent_hangup,ended,Neutral,Successful,2071.0
02/24/2026 12:09,1:38,$0.326,agent_hangup,ended,Positive,Unsuccessful,2321.1
02/24/2026 17:34,2:59,$0.591,agent_hangup,ended,Positive,Unsuccessful,2652.1
02/24/2026 14:49,1:23,$0.275,user_hangup,ended,Neutral,Unsuccessful,2320.2
02/24/2026 11:08,1:47,$0.354,agent_hangup,ended,Neutral,Unsuccessful,3024.5
02/24/2026 09:50,2:33,$0.506,user_hangup,ended,Neutral,Successful,2603.0
02/24/2026 12:39,2:10,$0.431,user_hangup,ended,Neutral,Unsuccessful,2160.1
02/24/2026 11:49,2:21,$0.466,user_hangup,ended,Neutral,Successful,1808.0
02/24/2026 11:25,2:26,$0.484,user_hangup,ended,Neutral,Unsuccessful,2525.7
02/24/2026 07:43,1:27,$0.288,user_hangup,ended,Neutral,Successful,2728.5
02/24/2026 13:52,0:59,$0.196,user_hangup,ended,Neutral,Unsuccessful,1680.0
02/24/2026 13:11,1:46,$0.351,agent_hangup,ended,Neutral,Successful,2434.5
02/24/2026 05:28,1:16,$0.252,agent_hangup,ended,Neutral,Successful,2808.3
02/24/2026 09:32,0:24,$0.082,user_hangup,ended,Neutral,Unsuccessful,2572.3
02/24/2026 08:24,1:57,$0.388,user_hangup,ended,Neutral,Unsuccessful,2532.3
02/24/2026 13:21,1:42,$0.340,user_hangup,ended,Neutral,Successful,2100.1
02/25/2026 07:09,1:20,$0.266,agent_hangup,ended,Neutral,Successful,2635.2
02/25/2026 14:00,1:03,$0.209,user_hangup,ended,Neutral,Successful,2837.1
02/25/2026 16:14,2:48,$0.558,agent_hangup,ended,Neutral,Successful,2008.3
02/25/2026 16:55,1:59,$0.396,user_hangup,ended,Neutral,Successful,2715.6
02/25/2026 11:38,2:13,$0.442,agent_hangup,ended,Neutral,Successful,2659.5
02/25/2026 11:06,1:57,$0.387,user_hangup,ended,Neutral,Successful,1312.2
02/25/2026 05:45,1:36,$0.319,agent_hangup,ended,Neutral,Unsuccessful,2637.0
02/25/2026 10:31,0:31,$0.106,user_hangup,ended,Neutral,Unsuccessful,2637.5
02/25/2026 10:01,1:15,$0.248,agent_hangup,ended,Neutral,Successful,2451.3
02/25/2026 08:10,0:57,$0.189,user_hangup,ended,Positive,Successful,2546.2
02/25/2026 07:35,2:12,$0.437,agent_hangup,ended,Positive,Successful,2864.0
02/25/2026 11:25,1:16,$0.252,user_hangup,ended,Neutral,Successful,2620.3
02/25/2026 02:25,1:04,$0.212,user_hangup,ended,Neutral,Unsuccessful,2592.4
02/25/2026 15:05,1:01,$0.203,user_hangup,ended,Neutral,Successful,2369.9
02/26/2026 09:10,1:12,$0.239,agent_hangup,ended,Neutral,Unsuccessful,2179.3
02/26/2026 08:52,0:34,$0.114,user_hangup,ended,Neutral,Successful,1879.8
02/26/2026 14:37,1:17,$0.256,agent_hangup,ended,Neutral,Successful,1271.7
02/26/2026 10:27,1:59,$0.394,user_hangup,ended,Neutral,Unsuccessful,1812.1
02/26/2026 10:47,2:00,$0.396,user_hangup,ended,Neutral,Unsuccessful,2154.2
02/26/2026 14:41,1:29,$0.295,agent_hangup,ended,Neutral,Successful,2455.0
02/26/2026 09:08,0:36,$0.121,user_hangup,ended,Neutral,Successful,1983.5
02/26/2026 08:34,1:25,$0.283,agent_hangup,ended,Neutral,Successful,2536.1
02/26/2026 09:21,0:21,$0.070,agent_hangup,ended,Neutral,Successful,2647.3
02/26/2026 11:21,0:30,$0.100,user_hangup,ended,Positive,Unsuccessful,2496.3
02/26/2026 14:03,1:09,$0.228,user_hangup,ended,Neutral,Unsuccessful,2659.1
02/26/2026 10:41,1:28,$0.292,user_hangup,ended,Neutral,Successful,2703.1
02/26/2026 16:25,0:18,$0.060,agent_hangup,ended,Neutral,Unsuccessful,2398.2
02/26/2026 07:09,1:17,$0.256,user_hangup,ended,Neutral,Successful,2242.1
02/26/2026 07:27,1:33,$0.308,user_hangup,ended,Negative,Successful,2034.2
02/27/2026 17:54,1:50,$0.366,user_hangup,ended,Neutral,Unsuccessful,1904.9
02/27/2026 12:57,1:57,$0.388,agent_hangup,ended,Neutral,Unsuccessful,2343.1
02/27/2026 11:39,1:12,$0.240,agent_hangup,ended,Neutral,Successful,2250.2
02/27/2026 08:50,1:15,$0.249,user_hangup,ended,Neutral,Successful,2945.9
02/27/2026 11:38,1:00,$0.198,agent_hangup,ended,Neutral,Unsuccessful,2818.8
02/27/2026 05:45,1:23,$0.277,agent_hangup,ended,Neutral,Unsuccessful,1733.5
02/27/2026 10:11,2:05,$0.414,user_hangup,ended,Neutral,Successful,2307.5
02/27/2026 14:26,2:18,$0.455,user_hangup,ended,Neutral,Unsuccessful,1619.5
02/27/2026 07:46,2:13,$0.441,agent_hangup,ended,Positive,Successful,2806.9
02/27/2026 11:10,0:48,$0.160,agent_hangup,ended,Positive,Unsuccessful,2773.4
02/28/2026 10:14,0:42,$0.140,user_hangup,ended,Neutral,Unsuccessful,2092.7
02/28/2026 08:42,1:39,$0.328,agent_hangup,ended,Positive,Successful,1980.5
03/01/2026 11:46,1:42,$0.338,agent_hangup,ended,Neutral,Unsuccessful,2029.5
03/01/2026 13:07,1:24,$0.279,agent_hangup,ended,Neutral,Successful,3007.9
03/02/2026 09:21,1:12,$0.240,agent_hangup,ended,Neutral,Successful,3322.3
03/02/2026 05:58,1:39,$0.328,agent_hangup,ended,Neutral,Unsuccessful,2602.6
03/02/2026 15:20,0:26,$0.087,user_hangup,ended,Neutral,Unsuccessful,2843.1
03/02/2026 14:59,1:45,$0.349,agent_hangup,ended,Neutral,Unsuccessful,2861.6
03/02/2026 10:19,0:27,$0.092,agent_hangup,ended,Neutral,Unsuccessful,2486.2
03/02/2026 08:15,1:48,$0.358,user_hangup,ended,Neutral,Unsuccessful,1627.1
03/02/2026 10:38,2:20,$0.463,user_hangup,ended,Neutral,Successful,2565.3
03/02/2026 14:06,2:14,$0.444,agent_hangup,ended,Neutral,Unsuccessful,2939.0
03/02/2026 08:14,1:21,$0.268,user_hangup,ended,Neutral,Unsuccessful,2823.9
03/02/2026 10:04,2:28,$0.490,user_hangup,ended,Positive,Successful,2244.2
03/03/2026 09:54,1:00,$0.198,user_hangup,ended,Neutral,Unsuccessful,2313.8
03/03/2026 14:07,2:42,$0.535,user_hangup,ended,Neutral,Successful,2704.3
03/03/2026 12:30,1:23,$0.275,user_hangup,ended,Neutral,Unsuccessful,2628.4
03/03/2026 12:18,0:49,$0.164,agent_hangup,ended,Neutral,Successful,2401.8
03/03/2026 08:59,1:59,$0.394,user_hangup,ended,Positive,Unsuccessful,2834.1
03/03/2026 14:56,0:44,$0.146,user_hangup,ended,Neutral,Unsuccessful,2517.9
03/03/2026 05:08,1:00,$0.201,user_hangup,ended,Neutral,Successful,2499.5
03/03/2026 12:54,0:55,$0.183,user_hangup,ended,Neutral,Unsuccessful,2573.7
03/03/2026 07:14,0:18,$0.061,agent_hangup,ended,Neutral,Unsuccessful,2080.0
03/03/2026 11:21,0:53,$0.175,agent_hangup,ended,Neutral,Unsuccessful,2889.5
03/03/2026 17:11,1:58,$0.392,agent_hangup,ended,Positive,Successful,2669.3
03/03/2026 11:24,2:03,$0.408,user_hangup,ended,Neutral,Successful,2271.0
03/03/2026 11:16,3:09,$0.627,agent_hangup,ended,Positive,Successful,2731.6
03/03/2026 09:23,1:34,$0.313,user_hangup,ended,Neutral,Unsuccessful,2820.5
03/04/2026 13:59,2:28,$0.489,user_hangup,ended,Neutral,Unsuccessful,2536.3
03/04/2026 07:50,2:10,$0.430,user_hangup,ended,Negative,Successful,2201.0
03/04/2026 11:03,1:30,$0.299,user_hangup,ended,Neutral,Successful,2744.1
03/04/2026 11:10,0:27,$0.090,user_hangup,ended,Negative,Unsuccessful,2179.7
03/04/2026 10:40,0:37,$0.124,agent_hangup,ended,Neutral,Successful,1518.1
03/04/2026 08:14,2:29,$0.494,user_hangup,ended,Neutral,Unsuccessful,2438.2
03/04/2026 11:20,1:44,$0.344,agent_hangup,ended,Neutral,Successful,3127.6
03/04/2026 11:03,1:59,$0.393,user_hangup,ended,Neutral,Unsuccessful,2002.4
03/05/2026 08:48,1:56,$0.384,user_hangup,ended,Positive,Successful,2560.6
03/05/2026 08:13,1:38,$0.326,agent_hangup,ended,Positive,Unsuccessful,2636.4
03/05/2026 12:12,1:27,$0.289,agent_hangup,ended,Neutral,Unsuccessful,1651.1
03/05/2026 11:29,0:34,$0.115,agent_hangup,ended,Neutral,Successful,2152.0
03/05/2026 09:44,1:09,$0.228,user_hangup,ended,Neutral,Unsuccessful,2589.3
03/05/2026 14:56,1:14,$0.244,user_hangup,ended,Neutral,Successful,2822.6
03/06/2026 09:18,0:54,$0.180,user_hangup,ended,Positive,Unsuccessful,2590.1
03/06/2026 09:01,0:35,$0.118,user_hangup,ended,Neutral,Unsuccessful,1759.4
03/06/2026 12:01,2:38,$0.521,agent_hangup,ended,Negative,Successful,1886.2
03/06/2026 13:38,0:44,$0.147,agent_hangup,ended,Neutral,Unsuccessful,2377.8
03/06/2026 10:16,2:01,$0.400,agent_hangup,ended,Positive,Successful,2549.3
03/06/2026 09:05,1:49,$0.361,agent_hangup,ended,Neutral,Unsuccessful,1861.0
03/06/2026 03:16,3:07,$0.617,agent_hangup,ended,Positive,Unsuccessful,2307.7
03/06/2026 12:19,2:00,$0.399,user_hangup,ended,Neutral,Successful,2576.5
03/06/2026 14:41,1:16,$0.253,user_hangup,ended,Neutral,Unsuccessful,2425.7
03/06/2026 11:04,2:59,$0.591,user_hangup,ended,Positive,Successful,2252.2
03/07/2026 10:42,1:27,$0.288,agent_hangup,ended,Neutral,Successful,2361.0
03/07/2026 16:01,1:48,$0.357,user_hangup,ended,Neutral,Successful,3290.7
03/08/2026 11:28,1:14,$0.246,agent_hangup,ended,Neutral,Successful,1979.4
03/08/2026 06:14,1:31,$0.303,agent_hangup,ended,Neutral,Successful,2261.4
03/08/2026 09:36,1:51,$0.369,user_hangup,ended,Neutral,Successful,2062.0
03/09/2026 17:48,0:49,$0.162,user_hangup,ended,Neutral,Successful,2709.1
03/09/2026 08:10,1:01,$0.202,user_hangup,ended,Neutral,Unsuccessful,2920.0
03/09/2026 08:17,1:30,$0.299,user_hangup,ended,Positive,Successful,2593.6
03/09/2026 12:01,0:21,$0.070,user_hangup,ended,Neutral,Unsuccessful,2459.7
03/09/2026 10:10,0:54,$0.178,agent_hangup,ended,Neutral,Successful,1741.6
03/09/2026 10:56,2:19,$0.459,user_hangup,ended,Neutral,Unsuccessful,2222.3
03/09/2026 08:41,1:13,$0.242,agent_hangup,ended,Neutral,Unsuccessful,2202.5
03/09/2026 11:15,1:21,$0.270,user_hangup,ended,Neutral,Unsuccessful,2636.2
03/09/2026 09:26,1:43,$0.341,user_hangup,ended,Neutral,Unsuccessful,1919.6
03/09/2026 10:05,0:28,$0.094,agent_hangup,ended,Neutral,Successful,2185.8
03/09/2026 06:04,1:53,$0.374,user_hangup,ended,Neutral,Unsuccessful,1678.8
03/09/2026 10:48,1:26,$0.285,agent_hangup,ended,Neutral,Unsuccessful,2270.5
03/09/2026 12:11,0:57,$0.191,agent_hangup,ended,Neutral,Successful,2317.4
03/09/2026 09:55,2:42,$0.536,agent_hangup,ended,Positive,Successful,2321.7
03/09/2026 04:47,0:20,$0.066,agent_hangup,ended,Neutral,Successful,2219.2
03/09/2026 05:06,2:26,$0.484,user_hangup,ended,Positive,Successful,2766.0
03/10/2026 09:36,1:36,$0.318,agent_hangup,ended,Neutral,Unsuccessful,2031.4
03/10/2026 07:33,2:44,$0.543,user_hangup,ended,Neutral,Successful,2120.8
03/10/2026 08:29,1:45,$0.347,user_hangup,ended,Positive,Unsuccessful,3178.5
03/10/2026 10:16,1:55,$0.382,agent_hangup,ended,Neutral,Unsuccessful,2570.3
03/10/2026 11:32,2:05,$0.415,user_hangup,ended,Neutral,Successful,2730.4
03/10/2026 14:32,1:46,$0.350,agent_hangup,ended,Neutral,Unsuccessful,2864.7
03/10/2026 11:42,1:21,$0.270,user_hangup,ended,Neutral,Successful,2461.2
03/10/2026 13:07,0:50,$0.167,user_hangup,ended,Neutral,Unsuccessful,2286.8
03/10/2026 09:39,1:24,$0.280,user_hangup,ended,Neutral,Unsuccessful,2740.8
03/10/2026 05:49,1:46,$0.353,agent_hangup,ended,Neutral,Unsuccessful,2254.1
03/10/2026 10:04,1:11,$0.236,user_hangup,ended,Neutral,Successful,2776.0
03/10/2026 13:07,1:55,$0.380,agent_hangup,ended,Neutral,Unsuccessful,2624.0
03/10/2026 14:56,1:14,$0.247,user_hangup,ended,Neutral,Unsuccessful,2554.0
03/10/2026 11:40,0:59,$0.198,user_hangup,ended,Neutral,Successful,2282.8
03/10/2026 16:48,2:17,$0.453,agent_hangup,ended,Neutral,Successful,2038.1
03/11/2026 16:56,1:04,$0.213,agent_hangup,ended,Neutral,Unsuccessful,2691.6
03/11/2026 14:50,2:42,$0.535,agent_hangup,ended,Neutral,Successful,2466.1
03/11/2026 16:36,1:25,$0.283,agent_hangup,ended,Neutral,Unsuccessful,1935.2
03/11/2026 10:28,0:18,$0.060,user_hangup,ended,Neutral,Successful,2660.5
03/11/2026 07:54,1:04,$0.213,agent_hangup,ended,Neutral,Unsuccessful,2133.5
03/11/2026 11:31,1:17,$0.257,agent_hangup,ended,Neutral,Successful,3024.0
03/11/2026 11:54,1:30,$0.299,user_hangup,ended,Neutral,Successful,2047.6
03/11/2026 08:37,0:36,$0.121,user_hangup,ended,Positive,Successful,2748.8
03/11/2026 08:09,2:09,$0.426,agent_hangup,ended,Neutral,Successful,3361.1
03/12/2026 15:08,1:01,$0.203,user_hangup,ended,Neutral,Unsuccessful,2701.0
03/12/2026 10:00,2:45,$0.546,user_hangup,ended,Neutral,Successful,2413.3
03/12/2026 14:34,2:03,$0.408,user_hangup,ended,Neutral,Unsuccessful,1931.9
03/12/2026 10:17,1:28,$0.292,user_hangup,ended,Positive,Successful,2285.9
03/12/2026 11:31,2:41,$0.532,user_hangup,ended,Neutral,Successful,3249.8
03/12/2026 08:40,1:03,$0.209,user_hangup,ended,Neutral,Unsuccessful,2387.6
03/12/2026 11:48,0:36,$0.120,user_hangup,ended,Neutral,Unsuccessful,2139.0
03/12/2026 15:57,1:32,$0.306,agent_hangup,ended,Neutral,Successful,2526.4
03/12/2026 13:52,0:03,$0.012,user_hangup,ended,Positive,Unsuccessful,2654.1
03/12/2026 15:37,0:37,$0.125,agent_hangup,ended,Neutral,Unsuccessful,2354.9
03/12/2026 08:42,0:00,$0.000,user_hangup,not_connected,Neutral,Successful,2265.0
03/12/2026 11:41,1:41,$0.333,user_hangup,ended,Neutral,Successful,2492.0
03/13/2026 11:48,2:00,$0.397,user_hangup,ended,Neutral,Unsuccessful,2318.0
03/13/2026 11:17,2:13,$0.439,agent_hangup,ended,Neutral,Unsuccessful,2430.7
03/13/2026 08:53,0:58,$0.191,user_hangup,ended,Neutral,Successful,2658.2
03/13/2026 16:31,1:23,$0.276,user_hangup,ended,Neutral,Unsuccessful,2287.8
03/13/2026 12:42,0:55,$0.182,agent_hangup,ended,Neutral,Unsuccessful,2805.5
03/13/2026 06:44,2:55,$0.579,agent_hangup,ended,Neutral,Successful,2447.9
03/13/2026 08:30,1:43,$0.343,agent_hangup,ended,Neutral,Unsuccessful,2432.5
03/13/2026 12:33,1:20,$0.267,agent_hangup,ended,Negative,Unsuccessful,2402.7
03/13/2026 11:48,2:22,$0.469,agent_hangup,ended,Neutral,Successful,2840.5
03/13/2026 11:07,0:29,$0.097,agent_hangup,ended,Neutral,Unsuccessful,1891.4
03/13/2026 07:00,1:45,$0.348,agent_hangup,ended,Neutral,Unsuccessful,2379.4
03/14/2026 06:31,1:58,$0.391,agent_hangup,ended,Neutral,Unsuccessful,2486.8
03/14/2026 12:49,0:56,$0.186,user_hangup,ended,Neutral,Unsuccessful,2203.6
03/14/2026 09:35,1:15,$0.250,agent_hangup,ended,Positive,Unsuccessful,2388.5
03/14/2026 06:36,2:28,$0.491,user_hangup,ended,Positive,Unsuccessful,2157.3
03/15/2026 13:07,2:53,$0.573,agent_hangup,ended,Neutral,Unsuccessful,2164.2
03/15/2026 15:35,2:24,$0.477,user_hangup,ended,Neutral,Unsuccessful,2970.9
03/15/2026 15:07,1:04,$0.211,agent_hangup,ended,Neutral,Unsuccessful,2558.7
03/15/2026 07:01,2:13,$0.441,agent_hangup,ended,Neutral,Successful,1929.7
03/16/2026 15:45,2:03,$0.409,agent_hangup,ended,Positive,Unsuccessful,2585.6
03/16/2026 09:52,0:29,$0.096,agent_hangup,ended,Neutral,Unsuccessful,2397.3
03/16/2026 07:40,1:11,$0.236,agent_hangup,ended,Neutral,Unsuccessful,1935.5
03/16/2026 11:47,1:31,$0.301,user_hangup,ended,Neutral,Successful,2709.1
03/16/2026 16:26,2:48,$0.556,agent_hangup,ended,Positive,Unsuccessful,3088.9
03/16/2026 10:41,1:50,$0.366,user_hangup,ended,Positive,Unsuccessful,2980.7
03/16/2026 16:19,1:15,$0.248,agent_hangup,ended,Neutral,Successful,3089.6
03/17/2026 10:52,1:30,$0.297,agent_hangup,ended,Neutral,Unsuccessful,2382.8
03/17/2026 12:21,1:54,$0.377,agent_hangup,ended,Neutral,Successful,2298.9
03/17/2026 08:17,2:00,$0.398,user_hangup,ended,Positive,Unsuccessful,2428.3
03/17/2026 10:10,0:16,$0.055,agent_hangup,ended,Neutral,Successful,2597.7
03/17/2026 10:53,0:56,$0.188,agent_hangup,ended,Positive,Successful,2551.9
03/17/2026 14:01,0:28,$0.094,agent_hangup,ended,Neutral,Unsuccessful,2180.6
03/17/2026 17:58,1:23,$0.277,agent_hangup,ended,Neutral,Successful,2275.4
03/17/2026 08:12,0:38,$0.128,user_hangup,ended,Neutral,Unsuccessful,3053.9
03/17/2026 12:27,2:21,$0.467,agent_hangup,ended,Neutral,Successful,2348.8
03/17/2026 11:47,1:13,$0.242,user_hangup,ended,Neutral,Unsuccessful,2416.7
03/17/2026 08:26,2:18,$0.457,agent_hangup,ended,Neutral,Unsuccessful,2928.2
03/17/2026 12:26,2:14,$0.444,agent_hangup,ended,Neutral,Unsuccessful,2312.5
03/17/2026 11:43,2:07,$0.419,user_hangup,ended,Neutral,Unsuccessful,2331.3
03/17/2026 13:30,1:51,$0.369,agent_hangup,ended,Neutral,Unsuccessful,3084.0
03/17/2026 16:20,1:12,$0.239,agent_hangup,ended,Positive,Successful,1942.2
03/17/2026 11:11,1:29,$0.294,agent_hangup,ended,Neutral,Unsuccessful,2589.5
03/17/2026 03:43,1:49,$0.360,agent_hangup,ended,Neutral,Unsuccessful,2522.6
03/17/2026 09:56,3:00,$0.596,agent_hangup,ended,Neutral,Successful,2036.1
03/18/2026 09:08,1:49,$0.360,user_hangup,ended,Neutral,Unsuccessful,2386.4
03/18/2026 13:06,1:21,$0.268,agent_hangup,ended,Positive,Unsuccessful,2851.2
03/18/2026 06:31,1:20,$0.266,agent_hangup,ended,Neutral,Unsuccessful,2438.9
03/18/2026 14:57,2:11,$0.434,agent_hangup,ended,Positive,Successful,2940.0
03/18/2026 10:56,2:06,$0.418,user_hangup,ended,Neutral,Unsuccessful,2364.6
03/18/2026 10:48,1:14,$0.247,agent_hangup,ended,Neutral,Successful,2236.8
03/18/2026 16:35,0:42,$0.141,user_hangup,ended,Neutral,Successful,1811.7
03/18/2026 18:43,1:30,$0.297,agent_hangup,ended,Neutral,Successful,2717.9
03/18/2026 12:13,1:41,$0.334,agent_hangup,ended,Neutral,Successful,2349.7
03/18/2026 08:23,1:49,$0.360,user_hangup,ended,Neutral,Unsuccessful,2604.5
03/18/2026 05:29,1:48,$0.359,user_hangup,ended,Neutral,Successful,1901.6
03/18/2026 08:48,1:05,$0.215,agent_hangup,ended,Positive,Unsuccessful,2241.5
03/18/2026 10:09,1:10,$0.234,user_hangup,ended,Positive,Successful,2349.9
03/18/2026 08:09,0:25,$0.083,user_hangup,ended,Neutral,Successful,2438.0
03/19/2026 04:00,2:16,$0.452,user_hangup,ended,Neutral,Successful,2982.7
03/19/2026 09:00,1:30,$0.297,agent_hangup,ended,Positive,Unsuccessful,2701.4
03/19/2026 11:00,2:47,$0.553,agent_hangup,ended,Neutral,Unsuccessful,2190.5
03/19/2026 13:27,1:16,$0.251,agent_hangup,ended,Neutral,Successful,3135.7
03/19/2026 08:26,1:36,$0.319,agent_hangup,ended,Neutral,Successful,3038.5
03/19/2026 12:25,2:11,$0.433,user_hangup,ended,Positive,Successful,2477.3
03/19/2026 05:19,1:04,$0.213,user_hangup,ended,Neutral,Successful,2588.2
03/19/2026 11:27,1:21,$0.269,user_hangup,ended,Neutral,Unsuccessful,3530.4
03/19/2026 16:17,2:15,$0.446,agent_hangup,ended,Neutral,Unsuccessful,2281.7
03/19/2026 08:42,1:50,$0.365,user_hangup,ended,Neutral,Unsuccessful,1829.8
03/19/2026 11:53,2:03,$0.408,agent_hangup,ended,Neutral,Successful,2326.6
03/19/2026 11:27,1:35,$0.316,agent_hangup,ended,Neutral,Unsuccessful,3418.8
03/19/2026 12:49,0:31,$0.104,agent_hangup,ended,Neutral,Successful,2258.2
03/19/2026 15:33,0:54,$0.181,user_hangup,ended,Neutral,Unsuccessful,3095.0
03/19/2026 11:52,0:35,$0.118,agent_hangup,ended,Neutral,Successful,2485.9
03/20/2026 15:08,0:48,$0.161,user_hangup,ended,Neutral,Successful,2600.3
03/20/2026 11:37,1:28,$0.293,agent_hangup,ended,Neutral,Successful,2592.4
03/20/2026 04:30,2:25,$0.480,agent_hangup,ended,Neutral,Unsuccessful,2281.3
03/20/2026 11:38,0:58,$0.194,agent_hangup,ended,Neutral,Unsuccessful,2692.5
03/20/2026 11:01,0:45,$0.149,user_hangup,ended,Positive,Successful,2380.5
03/20/2026 09:27,1:55,$0.382,agent_hangup,ended,Neutral,Successful,2345.8
03/20/2026 14:59,1:32,$0.304,agent_hangup,ended,Neutral,Successful,2710.5
03/20/2026 11:35,2:02,$0.404,agent_hangup,ended,Neutral,Unsuccessful,2456.6
03/20/2026 12:19,0:18,$0.061,user_hangup,ended,Negative,Successful,3019.7
03/20/2026 10:14,0:43,$0.142,user_hangup,ended,Neutral,Unsuccessful,2245.1
03/20/2026 15:43,0:10,$0.033,agent_hangup,ended,Neutral,Unsuccessful,2121.5
03/20/2026 11:24,1:39,$0.327,agent_hangup,ended,Neutral,Successful,2007.4
03/20/2026 10:40,0:42,$0.139,user_hangup,ended,Neutral,Unsuccessful,2201.1
03/22/2026 08:52,1:51,$0.367,agent_hangup,ended,Neutral,Unsuccessful,2483.9
03/22/2026 07:36,0:31,$0.105,agent_hangup,ended,Neutral,Successful,2721.1
03/23/2026 08:14,1:24,$0.280,user_hangup,ended,Neutral,Successful,2223.6
03/23/2026 06:52,1:58,$0.390,user_hangup,ended,Positive,Successful,2759.9
03/23/2026 07:24,1:03,$0.211,agent_hangup,ended,Positive,Successful,2165.1
03/23/2026 10:55,1:46,$0.351,user_hangup,ended,Neutral,Unsuccessful,3125.5
03/23/2026 14:12,1:24,$0.280,user_hangup,ended,Neutral,Successful,2356.9
03/23/2026 10:22,2:18,$0.456,agent_hangup,ended,Positive,Successful,2518.8
03/23/2026 11:15,2:12,$0.437,agent_hangup,ended,Neutral,Successful,2734.3
03/23/2026 13:47,0:58,$0.192,user_hangup,ended,Positive,Unsuccessful,2311.4
03/23/2026 09:23,1:32,$0.304,agent_hangup,ended,Positive,Successful,2900.0
03/23/2026 05:50,1:29,$0.296,agent_hangup,ended,Neutral,Successful,2755.6
03/23/2026 05:39,1:46,$0.351,agent_hangup,ended,Neutral,Unsuccessful,3229.8
03/23/2026 07:02,1:48,$0.359,agent_hangup,ended,Neutral,Unsuccessful,2764.8
03/24/2026 14:38,2:08,$0.425,agent_hangup,ended,Neutral,Successful,2476.2
03/24/2026 16:34,1:08,$0.225,user_hangup,ended,Neutral,Unsuccessful,2316.5
03/24/2026 14:42,2:26,$0.485,user_hangup,ended,Neutral,Successful,2182.8
03/24/2026 10:09,1:33,$0.308,user_hangup,ended,Neutral,Unsuccessful,3481.5
03/24/2026 07:43,1:33,$0.308,user_hangup,ended,Neutral,Successful,2630.8
03/24/2026 10:32,1:29,$0.296,user_hangup,ended,Positive,Unsuccessful,2274.1
03/24/2026 11:38,1:40,$0.332,agent_hangup,ended,Neutral,Successful,2280.0
03/24/2026 14:59,1:48,$0.357,agent_hangup,ended,Neutral,Unsuccessful,2693.1
03/24/2026 14:43,2:04,$0.410,agent_hangup,ended,Positive,Successful,2182.7
03/24/2026 08:50,1:33,$0.310,agent_hangup,ended,Neutral,Successful,2908.6
03/24/2026 08:18,0:47,$0.157,agent_hangup,ended,Positive,Unsuccessful,2948.8
03/24/2026 08:55,1:21,$0.268,user_hangup,ended,Negative,Successful,2076.4
03/24/2026 08:03,1:47,$0.356,user_hangup,ended,Neutral,Successful,1926.7
03/25/2026 10:37,1:30,$0.300,user_hangup,ended,Neutral,Unsuccessful,2537.9
03/25/2026 10:12,2:34,$0.509,user_hangup,ended,Negative,Successful,3002.7
03/25/2026 10:12,2:07,$0.422,user_hangup,ended,Neutral,Successful,2610.7
03/25/2026 10:40,1:41,$0.336,agent_hangup,ended,Negative,Successful,2348.9
03/25/2026 12:30,0:36,$0.121,user_hangup,ended,Neutral,Unsuccessful,1818.1
03/25/2026 11:05,1:24,$0.279,agent_hangup,ended,Neutral,Unsuccessful,2569.3
03/25/2026 10:34,2:29,$0.494,agent_hangup,ended,Neutral,Successful,2456.6
03/25/2026 15:42,0:35,$0.118,agent_hangup,ended,Positive,Successful,2484.9
03/25/2026 09:41,1:36,$0.319,user_hangup,ended,Neutral,Successful,2786.1
03/25/2026 15:31,0:53,$0.177,user_hangup,ended,Neutral,Successful,3042.5
03/25/2026 15:30,1:08,$0.227,user_hangup,ended,Neutral,Unsuccessful,3105.4
03/25/2026 13:06,0:37,$0.123,agent_hangup,ended,Neutral,Unsuccessful,2557.4
03/25/2026 09:44,1:57,$0.389,user_hangup,ended,Neutral,Successful,2089.4
03/25/2026 12:40,0:30,$0.101,user_hangup,ended,Neutral,Unsuccessful,2790.0
03/26/2026 14:14,1:46,$0.353,agent_hangup,ended,Neutral,Unsuccessful,3120.0
03/26/2026 11:01,1:17,$0.256,agent_hangup,ended,Neutral,Successful,2134.1
03/26/2026 11:52,0:10,$0.035,agent_hangup,ended,Neutral,Unsuccessful,1791.3
03/26/2026 13:26,2:55,$0.579,user_hangup,ended,Neutral,Successful,2245.0
03/26/2026 08:25,2:05,$0.414,user_hangup,ended,Neutral,Successful,2193.7
03/26/2026 12:39,2:06,$0.419,agent_hangup,ended,Neutral,Unsuccessful,3414.8
03/26/2026 04:41,1:32,$0.306,agent_hangup,ended,Neutral,Successful,3338.3
03/26/2026 08:43,2:14,$0.444,agent_hangup,ended,Neutral,Unsuccessful,2384.7
03/26/2026 08:49,2:14,$0.443,agent_hangup,ended,Neutral,Successful,2735.2
03/26/2026 10:18,1:05,$0.216,agent_hangup,ended,Neutral,Unsuccessful,2420.5
03/27/2026 09:35,1:38,$0.325,user_hangup,ended,Neutral,Unsuccessful,1754.5
03/27/2026 12:28,1:27,$0.290,agent_hangup,ended,Neutral,Successful,2714.9
03/27/2026 12:56,1:39,$0.328,agent_hangup,ended,Negative,Successful,2444.9
03/27/2026 07:37,1:08,$0.225,user_hangup,ended,Neutral,Successful,2505.9
03/27/2026 13:09,0:18,$0.060,user_hangup,ended,Positive,Successful,1756.8
03/27/2026 10:41,0:46,$0.153,user_hangup,ended,Neutral,Unsuccessful,2960.7
03/27/2026 11:14,2:40,$0.530,user_hangup,ended,Neutral,Unsuccessful,2503.7
03/27/2026 05:34,0:08,$0.027,user_hangup,ended,Neutral,Unsuccessful,2377.9
03/27/2026 09:29,2:32,$0.503,user_hangup,ended,Neutral,Unsuccessful,2098.4
03/28/2026 11:21,0:43,$0.144,user_hangup,ended,Neutral,Successful,2524.1
03/28/2026 13:05,1:02,$0.205,user_hangup,ended,Neutral,Unsuccessful,2268.8
03/28/2026 09:46,1:27,$0.288,user_hangup,ended,Neutral,Successful,2400.4
03/30/2026 06:44,0:36,$0.119,agent_hangup,ended,Positive,Unsuccessful,2367.4
03/30/2026 08:44,2:03,$0.409,agent_hangup,ended,Neutral,Unsuccessful,2460.7
03/30/2026 11:00,1:11,$0.234,agent_hangup,ended,Positive,Unsuccessful,2301.8
03/31/2026 14:19,0:42,$0.140,user_hangup,ended,Neutral,Unsuccessful,2214.6
03/31/2026 07:32,2:12,$0.436,user_hangup,ended,Neutral,Unsuccessful,2435.5
03/31/2026 08:14,0:56,$0.188,agent_hangup,ended,Neutral,Successful,2523.2
03/31/2026 06:45,0:26,$0.086,user_hangup,ended,Neutral,Unsuccessful,1898.6
03/31/2026 05:09,1:39,$0.329,user_hangup,ended,Neutral,Successful,2538.1
03/31/2026 14:34,1:13,$0.241,user_hangup,ended,Neutral,Unsuccessful,2940.8
03/31/2026 11:19,2:58,$0.590,agent_hangup,ended,Neutral,Successful,2740.4
04/01/2026 14:23,1:02,$0.205,agent_hangup,ended,Positive,Successful,2856.2
04/01/2026 14:41,1:07,$0.222,user_hangup,ended,Neutral,Successful,2796.8
04/01/2026 08:45,1:11,$0.237,agent_hangup,ended,Neutral,Successful,2267.4
04/01/2026 15:14,1:26,$0.287,agent_hangup,ended,Neutral,Unsuccessful,2313.5
04/01/2026 09:18,0:48,$0.159,agent_hangup,ended,Neutral,Successful,2244.8
04/01/2026 07:57,1:14,$0.247,user_hangup,ended,Neutral,Successful,2181.9
04/02/2026 07:21,1:24,$0.278,user_hangup,ended,Neutral,Successful,2216.9
04/02/2026 14:17,2:06,$0.418,agent_hangup,ended,Neutral,Successful,2437.6
04/02/2026 10:09,1:12,$0.240,agent_hangup,ended,Neutral,Unsuccessful,2050.6
04/02/2026 13:45,1:11,$0.236,agent_hangup,ended,Neutral,Unsuccessful,2589.0
04/02/2026 15:00,2:05,$0.415,agent_hangup,ended,Neutral,Successful,2300.9
04/02/2026 10:11,1:10,$0.233,agent_hangup,ended,Neutral,Successful,2307.3
04/02/2026 14:47,1:58,$0.392,agent_hangup,ended,Neutral,Successful,2203.2
04/02/2026 12:08,1:03,$0.210,agent_hangup,ended,Neutral,Successful,1709.9
04/02/2026 11:28,0:37,$0.125,agent_hangup,ended,Positive,Unsuccessful,2893.3
04/02/2026 09:29,1:16,$0.253,user_hangup,ended,Neutral,Unsuccessful,3132.8
04/02/2026 08:46,1:19,$0.263,agent_hangup,ended,Neutral,Successful,2357.2
04/02/2026 17:18,1:41,$0.336,user_hangup,ended,Neutral,Successful,1962.3
04/03/2026 08:34,0:49,$0.162,user_hangup,ended,Neutral,Unsuccessful,2800.1
04/03/2026 08:32,0:00,$0.000,agent_hangup,not_connected,Positive,Unsuccessful,2317.1
04/03/2026 09:53,1:18,$0.260,agent_hangup,ended,Neutral,Unsuccessful,2053.6
04/03/2026 08:23,1:17,$0.257,agent_hangup,ended,Neutral,Unsuccessful,2444.1
04/03/2026 10:15,1:30,$0.300,user_hangup,ended,Negative,Successful,2604.9
04/03/2026 10:52,2:33,$0.508,user_hangup,ended,Positive,Unsuccessful,3038.7
04/03/2026 13:19,1:45,$0.349,agent_hangup,ended,Neutral,Unsuccessful,2183.5
04/03/2026 06:18,1:04,$0.214,user_hangup,ended,Neutral,Unsuccessful,2495.2
04/03/2026 10:32,0:00,$0.000,agent_hangup,not_connected,Neutral,Unsuccessful,2544.2
04/03/2026 14:37,2:32,$0.502,agent_hangup,ended,Negative,Unsuccessful,2476.8
04/03/2026 05:40,1:43,$0.341,agent_hangup,ended,Neutral,Successful,1896.1
04/03/2026 13:15,0:49,$0.162,user_hangup,ended,Positive,Successful,2857.9
04/03/2026 09:22,0:12,$0.043,agent_hangup,ended,Neutral,Successful,2801.3
04/04/2026 12:21,0:38,$0.126,user_hangup,ended,Neutral,Successful,2925.8
04/04/2026 13:44,1:43,$0.342,agent_hangup,ended,Neutral,Successful,2550.4
04/04/2026 10:54,2:33,$0.507,user_hangup,ended,Neutral,Unsuccessful,2381.0
04/04/2026 17:55,1:38,$0.325,user_hangup,ended,Neutral,Successful,1740.2
04/05/2026 13:49,2:07,$0.421,user_hangup,ended,Neutral,Successful,2540.0
04/05/2026 11:18,2:03,$0.409,agent_hangup,ended,Neutral,Successful,1681.8
04/05/2026 04:51,1:37,$0.322,agent_hangup,ended,Neutral,Unsuccessful,2489.6
04/05/2026 08:41,2:16,$0.452,agent_hangup,ended,Positive,Successful,2093.8
04/05/2026 10:27,2:25,$0.482,user_hangup,ended,Neutral,Successful,2172.3
04/05/2026 11:57,1:12,$0.238,user_hangup,ended,Neutral,Successful,1759.4
04/05/2026 09:03,2:02,$0.404,user_hangup,ended,Neutral,Successful,2305.2
04/06/2026 10:09,2:27,$0.487,user_hangup,ended,Neutral,Successful,2586.3
04/06/2026 12:24,0:52,$0.175,user_hangup,ended,Neutral,Successful,2381.2
04/06/2026 11:58,2:06,$0.418,agent_hangup,ended,Neutral,Successful,2464.8
04/06/2026 15:36,2:14,$0.443,user_hangup,ended,Neutral,Unsuccessful,3045.3
04/06/2026 15:25,1:14,$0.246,user_hangup,ended,Positive,Unsuccessful,2780.7
04/06/2026 12:07,1:07,$0.222,user_hangup,ended,Neutral,Successful,2245.2
04/06/2026 08:18,1:13,$0.243,agent_hangup,ended,Neutral,Successful,2234.4
04/06/2026 10:45,1:29,$0.297,user_hangup,ended,Neutral,Unsuccessful,1908.5
04/06/2026 13:25,0:38,$0.127,user_hangup,ended,Neutral,Successful,2244.6
04/06/2026 16:48,3:02,$0.601,agent_hangup,ended,Neutral,Successful,2337.7
04/06/2026 13:39,1:46,$0.350,user_hangup,ended,Neutral,Successful,2952.2
04/06/2026 10:39,1:13,$0.243,agent_hangup,ended,Neutral,Unsuccessful,2111.0
04/06/2026 16:12,0:32,$0.109,agent_hangup,ended,Positive,Successful,2102.0
04/07/2026 12:04,2:16,$0.452,user_hangup,ended,Neutral,Successful,2410.4
04/07/2026 12:01,0:00,$0.000,user_hangup,not_connected,Positive,Successful,3144.6
04/07/2026 13:05,2:51,$0.567,agent_hangup,ended,Neutral,Successful,2313.4
04/07/2026 10:37,2:14,$0.445,user_hangup,ended,Negative,Unsuccessful,2407.0
04/07/2026 09:36,0:43,$0.143,user_hangup,ended,Neutral,Unsuccessful,2647.1
04/07/2026 15:35,0:37,$0.122,user_hangup,ended,Positive,Unsuccessful,2888.7
04/07/2026 07:13,0:42,$0.141,agent_hangup,ended,Neutral,Successful,1996.7
04/07/2026 14:35,1:44,$0.346,agent_hangup,ended,Neutral,Unsuccessful,2990.7
04/07/2026 08:40,2:24,$0.478,agent_hangup,ended,Neutral,Successful,2942.9
04/08/2026 12:35,2:14,$0.443,agent_hangup,ended,Neutral,Unsuccessful,1964.7
04/08/2026 09:30,0:50,$0.167,user_hangup,ended,Neutral,Unsuccessful,2211.6
04/08/2026 13:42,1:26,$0.285,agent_hangup,ended,Neutral,Successful,2442.7
04/08/2026 09:53,2:38,$0.523,agent_hangup,ended,Neutral,Unsuccessful,3003.7
04/08/2026 12:56,2:23,$0.475,agent_hangup,ended,Neutral,Successful,1645.9
04/08/2026 11:08,2:03,$0.409,user_hangup,ended,Neutral,Successful,3242.9
04/08/2026 15:29,1:52,$0.373,agent_hangup,ended,Neutral,Unsuccessful,2707.7
04/08/2026 09:05,1:31,$0.301,agent_hangup,ended,Neutral,Successful,2001.6
04/08/2026 09:48,1:38,$0.325,agent_hangup,ended,Neutral,Successful,2595.6
04/09/2026 16:24,1:19,$0.261,user_hangup,ended,Negative,Unsuccessful,2211.6
04/09/2026 09:05,2:23,$0.473,user_hangup,ended,Neutral,Unsuccessful,2769.6
04/09/2026 10:35,1:05,$0.215,agent_hangup,ended,Neutral,Successful,2299.7
04/09/2026 10:32,0:23,$0.078,user_hangup,ended,Neutral,Unsuccessful,2698.9
04/09/2026 11:55,0:28,$0.094,agent_hangup,ended,Neutral,Unsuccessful,2337.5
04/09/2026 09:00,1:27,$0.287,user_hangup,ended,Neutral,Unsuccessful,2474.8
04/09/2026 10:50,2:03,$0.407,user_hangup,ended,Neutral,Unsuccessful,3049.6
04/09/2026 10:49,1:04,$0.214,agent_hangup,ended,Neutral,Unsuccessful,2747.9
04/09/2026 06:24,1:14,$0.245,agent_hangup,ended,Neutral,Unsuccessful,2736.7
04/09/2026 12:39,1:18,$0.260,agent_hangup,ended,Positive,Successful,2166.4
04/09/2026 06:24,2:27,$0.487,agent_hangup,ended,Neutral,Successful,2157.5
04/09/2026 06:56,2:06,$0.419,user_hangup,ended,Positive,Unsuccessful,2789.8
04/10/2026 06:22,2:28,$0.491,agent_hangup,ended,Neutral,Unsuccessful,1720.4
04/10/2026 11:34,2:30,$0.497,agent_hangup,ended,Neutral,Unsuccessful,2195.4
04/10/2026 12:41,0:40,$0.134,agent_hangup,ended,Neutral,Successful,2659.9
04/10/2026 14:06,0:42,$0.141,user_hangup,ended,Neutral,Successful,1953.9
04/10/2026 13:55,1:25,$0.283,user_hangup,ended,Neutral,Unsuccessful,1831.1
04/10/2026 12:56,1:30,$0.299,user_hangup,ended,Neutral,Unsuccessful,2280.9
04/10/2026 10:45,1:31,$0.303,user_hangup,ended,Neutral,Unsuccessful,2544.0
04/10/2026 12:10,0:41,$0.138,agent_hangup,ended,Neutral,Unsuccessful,2201.5
04/10/2026 09:15,1:59,$0.395,agent_hangup,ended,Neutral,Unsuccessful,2161.3
04/10/2026 09:39,2:21,$0.468,agent_hangup,ended,Neutral,Successful,2667.7
04/10/2026 16:37,1:56,$0.386,user_hangup,ended,Neutral,Successful,2106.9
04/11/2026 10:52,4:41,$0.929,agent_hangup,ended,Neutral,Successful,3125.3
04/11/2026 08:51,4:40,$0.925,agent_hangup,ended,Neutral,Successful,2638.5
04/11/2026 15:55,4:06,$0.814,agent_hangup,ended,Positive,Successful,2148.9
04/11/2026 11:12,5:12,$1.030,user_hangup,ended,Neutral,Unsuccessful,3058.2
04/11/2026 09:46,3:18,$0.654,user_hangup,ended,Neutral,Successful,2198.1
04/11/2026 06:19,3:43,$0.739,agent_hangup,ended,Neutral,Successful,2365.8
04/11/2026 09:17,3:41,$0.732,user_hangup,ended,Neutral,Unsuccessful,2104.0
04/11/2026 10:40,4:42,$0.932,user_hangup,ended,Neutral,Unsuccessful,3144.1
04/11/2026 09:01,3:22,$0.669,user_hangup,ended,Neutral,Unsuccessful,3638.0
04/11/2026 09:05,0:10,$0.034,user_hangup,ended,Neutral,Unsuccessful,2622.1
04/11/2026 08:37,3:36,$0.714,agent_hangup,ended,Neutral,Unsuccessful,2481.9
04/11/2026 17:17,7:30,$1.487,user_hangup,ended,Neutral,Unsuccessful,1982.5
04/11/2026 13:44,6:57,$1.376,agent_hangup,ended,Positive,Unsuccessful,2339.8
04/11/2026 09:11,4:39,$0.924,agent_hangup,ended,Neutral,Successful,2882.7
04/11/2026 12:12,4:44,$0.940,agent_hangup,ended,Neutral,Unsuccessful,2317.9
04/11/2026 12:38,3:47,$0.752,agent_hangup,ended,Neutral,Unsuccessful,2871.1
04/11/2026 14:18,4:04,$0.807,agent_hangup,ended,Positive,Successful,2764.9
04/11/2026 08:43,2:22,$0.470,user_hangup,ended,Neutral,Successful,2338.4
04/11/2026 14:24,5:14,$1.037,user_hangup,ended,Neutral,Successful,2545.3
04/11/2026 11:32,4:12,$0.834,agent_hangup,ended,Neutral,Successful,2073.9
04/11/2026 11:14,5:32,$1.096,agent_hangup,ended,Neutral,Unsuccessful,2465.2
04/11/2026 09:47,5:24,$1.072,agent_hangup,ended,Neutral,Successful,2144.5
04/11/2026 16:26,6:20,$1.257,agent_hangup,ended,Neutral,Successful,2714.0
04/11/2026 09:37,2:06,$0.416,agent_hangup,ended,Neutral,Unsuccessful,2390.7
04/11/2026 12:08,2:53,$0.574,user_hangup,ended,Neutral,Successful,2371.5
04/11/2026 10:39,4:00,$0.794,user_hangup,ended,Neutral,Successful,1916.6
04/11/2026 13:51,2:57,$0.587,user_hangup,ended,Neutral,Unsuccessful,2627.3
04/11/2026 12:27,3:11,$0.630,user_hangup,ended,Positive,Successful,2489.1
04/11/2026 08:37,0:39,$0.130,agent_hangup,ended,Neutral,Successful,2160.9
04/11/2026 14:38,4:50,$0.957,user_hangup,ended,Neutral,Unsuccessful,2749.6
04/11/2026 12:29,2:45,$0.547,user_hangup,ended,Positive,Unsuccessful,2099.8
04/11/2026 14:18,1:49,$0.360,agent_hangup,ended,Neutral,Successful,2592.9
04/11/2026 09:01,0:22,$0.075,user_hangup,ended,Neutral,Unsuccessful,2541.7
04/11/2026 07:53,4:30,$0.892,agent_hangup,ended,Positive,Successful,2940.2
04/11/2026 18:54,7:35,$1.504,user_hangup,ended,Neutral,Successful,3038.1
04/11/2026 10:57,1:33,$0.308,agent_hangup,ended,Neutral,Unsuccessful,2776.9
04/11/2026 12:36,7:20,$1.453,user_hangup,ended,Neutral,Unsuccessful,2204.2
04/11/2026 08:51,3:41,$0.731,agent_hangup,ended,Neutral,Successful,2440.5
04/11/2026 15:12,3:15,$0.644,agent_hangup,ended,Neutral,Unsuccessful,3083.0
04/11/2026 15:53,7:25,$1.470,user_hangup,ended,Positive,Unsuccessful,1892.1
04/11/2026 13:34,6:41,$1.324,agent_hangup,ended,Neutral,Unsuccessful,2755.8
04/11/2026 14:00,5:38,$1.115,user_hangup,ended,Neutral,Successful,1864.7
04/11/2026 15:58,5:42,$1.132,user_hangup,ended,Neutral,Successful,2164.5
04/11/2026 10:57,3:34,$0.709,agent_hangup,ended,Negative,Successful,2736.9
04/11/2026 17:58,8:55,$1.769,agent_hangup,ended,Positive,Unsuccessful,3170.8
04/11/2026 11:03,7:52,$1.558,agent_hangup,ended,Neutral,Successful,2405.9
04/11/2026 10:19,6:56,$1.376,agent_hangup,ended,Positive,Successful,3072.9
04/11/2026 08:15,3:13,$0.637,user_hangup,ended,Neutral,Unsuccessful,2416.2
04/11/2026 18:58,3:13,$0.639,user_hangup,ended,Neutral,Successful,3120.8
04/11/2026 06:46,2:21,$0.467,user_hangup,ended,Neutral,Successful,2942.2
04/12/2026 18:40,1:30,$0.298,agent_hangup,ended,Positive,Successful,2811.5
04/12/2026 12:36,1:24,$0.278,agent_hangup,ended,Neutral,Successful,2778.8
04/12/2026 06:15,0:36,$0.119,user_hangup,ended,Neutral,Successful,2538.6
04/13/2026 10:01,0:29,$0.096,agent_hangup,ended,Neutral,Unsuccessful,2487.8
04/13/2026 09:57,1:21,$0.268,user_hangup,ended,Neutral,Successful,3085.5
04/13/2026 12:50,1:02,$0.206,user_hangup,ended,Negative,Unsuccessful,2115.1
04/13/2026 10:18,2:20,$0.465,agent_hangup,ended,Neutral,Successful,2403.8
04/13/2026 10:00,1:53,$0.373,agent_hangup,ended,Positive,Unsuccessful,2918.7
04/13/2026 11:19,0:12,$0.040,user_hangup,ended,Positive,Unsuccessful,2277.0
04/13/2026 10:07,0:38,$0.128,agent_hangup,ended,Neutral,Unsuccessful,2552.6
04/13/2026 12:36,1:36,$0.319,user_hangup,ended,Neutral,Successful,2283.7
04/13/2026 12:36,1:03,$0.209,user_hangup,ended,Neutral,Successful,2518.4
04/13/2026 12:02,1:28,$0.291,user_hangup,ended,Neutral,Successful,1954.5
04/13/2026 08:07,1:35,$0.317,agent_hangup,ended,Neutral,Successful,3312.1
04/14/2026 14:40,1:23,$0.275,agent_hangup,ended,Neutral,Successful,2306.6
04/14/2026 11:40,1:08,$0.225,agent_hangup,ended,Neutral,Unsuccessful,2933.3
04/14/2026 11:29,1:22,$0.271,user_hangup,ended,Neutral,Unsuccessful,2418.2
04/14/2026 13:59,1:22,$0.272,agent_hangup,ended,Neutral,Unsuccessful,2239.7
04/14/2026 12:37,0:55,$0.183,user_hangup,ended,Neutral,Unsuccessful,2342.1
04/14/2026 13:09,1:34,$0.313,agent_hangup,ended,Positive,Successful,2483.6
04/15/2026 13:39,1:20,$0.267,user_hangup,ended,Neutral,Successful,2499.2
04/15/2026 10:59,1:31,$0.302,user_hangup,ended,Neutral,Successful,2889.3
04/15/2026 12:41,2:08,$0.424,user_hangup,ended,Neutral,Successful,2747.1
04/15/2026 11:45,1:41,$0.335,agent_hangup,ended,Neutral,Unsuccessful,2164.9
04/15/2026 11:42,0:05,$0.017,user_hangup,ended,Neutral,Unsuccessful,2358.8
04/15/2026 05:36,1:42,$0.339,agent_hangup,ended,Neutral,Unsuccessful,3180.0
04/15/2026 10:17,2:26,$0.483,agent_hangup,ended,Neutral,Successful,2209.1
04/15/2026 14:37,0:33,$0.109,user_hangup,ended,Neutral,Successful,1722.0
04/15/2026 16:43,1:55,$0.381,user_hangup,ended,Neutral,Successful,2020.7
04/15/2026 12:58,1:05,$0.215,agent_hangup,ended,Neutral,Unsuccessful,2833.3
04/16/2026 11:59,0:00,$0.000,agent_hangup,not_connected,Neutral,Successful,3107.6
04/16/2026 14:30,1:56,$0.386,agent_hangup,ended,Neutral,Unsuccessful,3022.6
04/16/2026 16:03,1:42,$0.337,agent_hangup,ended,Neutral,Successful,2810.3
04/16/2026 06:04,3:14,$0.643,agent_hangup,ended,Neutral,Unsuccessful,2056.6
04/16/2026 08:48,0:50,$0.167,user_hangup,ended,Neutral,Successful,1638.4
04/16/2026 09:33,1:56,$0.385,user_hangup,ended,Neutral,Successful,3562.1
04/16/2026 10:46,2:22,$0.469,user_hangup,ended,Positive,Successful,1790.9
04/16/2026 04:15,1:10,$0.232,agent_hangup,ended,Neutral,Successful,2897.0
04/17/2026 14:24,0:42,$0.140,agent_hangup,ended,Neutral,Unsuccessful,2151.7
04/17/2026 09:43,1:51,$0.368,user_hangup,ended,Neutral,Unsuccessful,2250.2
04/17/2026 15:25,2:19,$0.461,user_hangup,ended,Neutral,Unsuccessful,2653.9
04/17/2026 08:31,0:02,$0.010,user_hangup,ended,Neutral,Unsuccessful,2773.9
04/17/2026 06:43,1:40,$0.332,user_hangup,ended,Neutral,Successful,2798.4
04/17/2026 07:57,2:54,$0.575,user_hangup,ended,Positive,Successful,2528.4
04/17/2026 10:20,2:13,$0.440,agent_hangup,ended,Neutral,Successful,2985.0
04/17/2026 15:02,1:28,$0.292,agent_hangup,ended,Negative,Unsuccessful,2417.8
04/17/2026 05:05,1:13,$0.243,user_hangup,ended,Neutral,Unsuccessful,2194.6
04/17/2026 08:20,1:53,$0.374,agent_hangup,ended,Neutral,Unsuccessful,1527.1
04/17/2026 13:43,2:25,$0.481,user_hangup,ended,Neutral,Successful,2130.1
04/18/2026 08:33,1:56,$0.384,user_hangup,ended,Neutral,Successful,2722.3
04/20/2026 14:25,0:41,$0.135,agent_hangup,ended,Neutral,Unsuccessful,2232.5
04/20/2026 09:51,0:47,$0.158,user_hangup,ended,Neutral,Successful,2412.5
04/20/2026 10:26,1:19,$0.261,user_hangup,ended,Neutral,Successful,2513.0
04/20/2026 13:03,1:29,$0.295,user_hangup,ended,Neutral,Unsuccessful,2399.3
04/20/2026 19:21,1:30,$0.297,user_hangup,ended,Neutral,Unsuccessful,2703.8
04/20/2026 09:09,1:19,$0.264,agent_hangup,ended,Neutral,Unsuccessful,3012.4
04/20/2026 11:17,1:45,$0.348,agent_hangup,ended,Neutral,Unsuccessful,2774.6
04/20/2026 14:07,0:10,$0.035,agent_hangup,ended,Neutral,Unsuccessful,2401.5
04/20/2026 14:37,0:06,$0.020,user_hangup,ended,Positive,Unsuccessful,2388.6
04/20/2026 14:25,2:26,$0.482,user_hangup,ended,Neutral,Successful,2415.5
04/20/2026 09:02,0:01,$0.007,user_hangup,ended,Neutral,Successful,2566.1
04/21/2026 13:13,2:40,$0.529,user_hangup,ended,Positive,Unsuccessful,2917.1
04/21/2026 07:14,1:20,$0.267,agent_hangup,ended,Positive,Successful,2462.1
04/21/2026 13:00,1:31,$0.301,agent_hangup,ended,Neutral,Successful,2279.1
04/21/2026 08:02,1:31,$0.304,agent_hangup,ended,Neutral,Unsuccessful,2986.4
04/21/2026 11:13,1:08,$0.224,agent_hangup,ended,Neutral,Unsuccessful,2450.6
04/21/2026 10:44,0:57,$0.189,agent_hangup,ended,Neutral,Successful,2067.8
04/21/2026 09:18,1:27,$0.289,user_hangup,ended,Neutral,Unsuccessful,2125.2
04/21/2026 09:28,1:12,$0.239,agent_hangup,ended,Neutral,Unsuccessful,1875.9
04/21/2026 12:48,1:01,$0.202,agent_hangup,ended,Neutral,Unsuccessful,2324.4
04/21/2026 09:38,1:53,$0.376,user_hangup,ended,Neutral,Unsuccessful,2684.9
04/21/2026 16:14,1:13,$0.242,user_hangup,ended,Neutral,Successful,2689.8
04/22/2026 08:33,0:47,$0.158,agent_hangup,ended,Negative,Unsuccessful,2406.1
04/22/2026 14:48,1:56,$0.383,agent_hangup,ended,Neutral,Successful,2016.0
04/22/2026 12:00,1:06,$0.219,user_hangup,ended,Neutral,Successful,3183.7
04/22/2026 10:54,0:13,$0.045,agent_hangup,ended,Neutral,Unsuccessful,2437.5
04/22/2026 08:58,1:34,$0.313,agent_hangup,ended,Positive,Unsuccessful,2293.4
04/22/2026 12:18,1:37,$0.321,user_hangup,ended,Neutral,Unsuccessful,2817.7
04/22/2026 10:36,1:43,$0.342,agent_hangup,ended,Neutral,Successful,2578.6
04/22/2026 13:39,1:17,$0.256,user_hangup,ended,Neutral,Successful,2521.5
04/22/2026 11:58,1:11,$0.236,agent_hangup,ended,Neutral,Unsuccessful,1964.9
04/22/2026 12:26,1:21,$0.270,user_hangup,ended,Neutral,Successful,2315.8
04/22/2026 03:20,2:19,$0.459,user_hangup,ended,Neutral,Successful,1671.0
04/22/2026 12:08,2:05,$0.415,agent_hangup,ended,Neutral,Successful,2370.5
04/22/2026 08:21,2:27,$0.488,agent_hangup,ended,Neutral,Successful,2625.0
04/22/2026 13:16,2:01,$0.401,agent_hangup,ended,Positive,Unsuccessful,3037.9
04/22/2026 11:19,1:10,$0.234,agent_hangup,ended,Positive,Unsuccessful,2848.6
04/22/2026 13:00,0:49,$0.164,user_hangup,ended,Neutral,Unsuccessful,2857.3
04/22/2026 13:22,2:01,$0.402,agent_hangup,ended,Neutral,Successful,2433.2
04/22/2026 09:50,0:18,$0.061,user_hangup,ended,Neutral,Unsuccessful,2294.9
04/23/2026 09:14,1:20,$0.266,user_hangup,ended,Positive,Successful,2617.4
04/23/2026 11:25,2:28,$0.490,user_hangup,ended,Positive,Successful,2368.1
04/23/2026 12:39,1:49,$0.361,agent_hangup,ended,Neutral,Successful,3132.6
04/23/2026 08:41,1:53,$0.375,user_hangup,ended,Neutral,Successful,2748.2
04/23/2026 10:14,1:45,$0.348,user_hangup,ended,Neutral,Unsuccessful,2050.4
04/23/2026 11:29,0:59,$0.197,agent_hangup,ended,Neutral,Successful,2404.6
04/23/2026 15:46,2:40,$0.530,agent_hangup,ended,Positive,Unsuccessful,2209.0
04/23/2026 09:03,1:34,$0.311,user_hangup,ended,Positive,Unsuccessful,2958.0
04/23/2026 10:28,1:40,$0.333,user_hangup,ended,Neutral,Unsuccessful,2954.0
04/23/2026 10:33,1:18,$0.259,user_hangup,ended,Negative,Successful,2416.5
04/23/2026 08:23,1:14,$0.244,agent_hangup,ended,Neutral,Unsuccessful,1492.8
04/23/2026 17:49,0:51,$0.171,user_hangup,ended,Neutral,Successful,2637.1
04/23/2026 07:12,1:27,$0.288,agent_hangup,ended,Neutral,Successful,2387.3
04/24/2026 09:11,2:32,$0.503,user_hangup,ended,Positive,Successful,1575.1
04/24/2026 13:37,1:56,$0.383,agent_hangup,ended,Neutral,Unsuccessful,2997.4
04/24/2026 12:02,2:37,$0.519,user_hangup,ended,Neutral,Unsuccessful,2513.2
04/24/2026 06:12,2:34,$0.510,user_hangup,ended,Positive,Successful,2795.4
04/24/2026 12:13,1:53,$0.373,agent_hangup,ended,Neutral,Successful,2502.8
04/24/2026 12:00,2:20,$0.463,agent_hangup,ended,Neutral,Successful,3260.9
04/24/2026 13:00,2:39,$0.528,user_hangup,ended,Neutral,Unsuccessful,3093.8
04/24/2026 11:20,2:53,$0.573,user_hangup,ended,Neutral,Successful,2441.2
04/24/2026 08:12,2:48,$0.555,agent_hangup,ended,Positive,Unsuccessful,2390.2
04/24/2026 15:52,1:30,$0.300,user_hangup,ended,Neutral,Unsuccessful,2185.3
04/25/2026 11:33,0:56,$0.185,agent_hangup,ended,Neutral,Successful,2064.8
04/26/2026 09:18,2:49,$0.560,agent_hangup,ended,Neutral,Successful,2232.2
04/26/2026 08:14,0:43,$0.143,agent_hangup,ended,Negative,Unsuccessful,2745.4
04/26/2026 10:34,1:20,$0.266,agent_hangup,ended,Neutral,Successful,2714.3
04/27/2026 12:34,0:40,$0.134,agent_hangup,ended,Neutral,Unsuccessful,3059.4
04/27/2026 12:54,0:22,$0.073,agent_hangup,ended,Neutral,Successful,2854.2
04/27/2026 10:13,2:16,$0.450,agent_hangup,ended,Positive,Successful,2788.9
04/27/2026 13:44,1:40,$0.333,agent_hangup,ended,Neutral,Successful,2963.7
04/27/2026 09:40,1:20,$0.265,user_hangup,ended,Neutral,Successful,2274.7
04/27/2026 13:26,2:28,$0.489,user_hangup,ended,Neutral,Unsuccessful,2442.5
04/27/2026 13:08,3:29,$0.693,user_hangup,ended,Neutral,Successful,1828.4
04/27/2026 08:21,2:22,$0.471,agent_hangup,ended,Neutral,Unsuccessful,2436.3
04/27/2026 14:18,1:12,$0.241,agent_hangup,ended,Neutral,Unsuccessful,1932.2
04/27/2026 18:04,1:15,$0.249,user_hangup,ended,Neutral,Unsuccessful,2843.2
04/27/2026 09:02,1:58,$0.392,agent_hangup,ended,Neutral,Unsuccessful,2589.2
04/27/2026 08:09,2:36,$0.517,user_hangup,ended,Neutral,Unsuccessful,3043.3
04/28/2026 09:24,1:51,$0.369,agent_hangup,ended,Neutral,Successful,2269.3
04/28/2026 13:22,1:54,$0.378,agent_hangup,ended,Positive,Unsuccessful,2150.5
04/28/2026 09:38,1:25,$0.281,user_hangup,ended,Neutral,Unsuccessful,2870.2
04/28/2026 12:44,1:43,$0.342,user_hangup,ended,Positive,Unsuccessful,1933.1
04/28/2026 11:09,1:53,$0.373,agent_hangup,ended,Neutral,Unsuccessful,2586.2
04/29/2026 13:59,1:56,$0.386,user_hangup,ended,Neutral,Unsuccessful,1631.0
04/29/2026 11:38,1:26,$0.287,agent_hangup,ended,Neutral,Successful,2453.9
04/29/2026 11:39,2:34,$0.510,agent_hangup,ended,Neutral,Successful,2286.1
04/29/2026 12:35,1:26,$0.285,agent_hangup,ended,Neutral,Successful,2659.7
04/29/2026 08:39,2:24,$0.478,agent_hangup,ended,Neutral,Unsuccessful,2157.9
04/29/2026 06:09,0:55,$0.184,user_hangup,ended,Neutral,Unsuccessful,2134.2
04/29/2026 15:00,2:11,$0.432,user_hangup,ended,Negative,Unsuccessful,2855.3
04/29/2026 06:21,1:49,$0.360,agent_hangup,ended,Neutral,Unsuccessful,2388.4
04/29/2026 09:06,1:26,$0.286,agent_hangup,ended,Neutral,Unsuccessful,2224.3
04/29/2026 10:22,1:59,$0.396,user_hangup,ended,Positive,Successful,2378.2
04/29/2026 13:28,0:00,$0.000,agent_hangup,not_connected,Neutral,Successful,2978.3
04/29/2026 07:10,1:21,$0.270,user_hangup,ended,Positive,Unsuccessful,2499.6
04/29/2026 11:52,0:13,$0.045,agent_hangup,ended,Negative,Unsuccessful,2961.6
04/30/2026 13:24,2:02,$0.404,user_hangup,ended,Neutral,Successful,2756.6
04/30/2026 13:41,1:49,$0.360,user_hangup,ended,Positive,Successful,2077.8
04/30/2026 08:39,1:31,$0.300,agent_hangup,ended,Neutral,Unsuccessful,2879.5
04/30/2026 13:27,2:00,$0.399,user_hangup,ended,Neutral,Unsuccessful,2713.5
04/30/2026 10:49,1:33,$0.308,user_hangup,ended,Neutral,Unsuccessful,2639.1
04/30/2026 08:33,2:12,$0.438,agent_hangup,ended,Positive,Successful,1854.6
04/30/2026 05:40,1:31,$0.303,user_hangup,ended,Neutral,Successful,1779.8
04/30/2026 09:52,1:11,$0.236,agent_hangup,ended,Neutral,Unsuccessful,2696.0
04/30/2026 06:01,1:29,$0.297,agent_hangup,ended,Neutral,Unsuccessful,3110.2
04/30/2026 08:52,2:18,$0.458,user_hangup,ended,Positive,Successful,2429.3
04/30/2026 09:28,2:16,$0.449,user_hangup,ended,Neutral,Successful,2792.3
04/30/2026 11:12,1:41,$0.335,agent_hangup,ended,Neutral,Successful,2722.3
05/01/2026 14:21,1:22,$0.271,user_hangup,ended,Neutral,Successful,2313.8
05/01/2026 06:52,2:05,$0.414,agent_hangup,ended,Neutral,Successful,2584.4
05/01/2026 15:02,1:09,$0.229,user_hangup,ended,Neutral,Unsuccessful,2838.4
05/01/2026 13:55,2:32,$0.503,agent_hangup,ended,Negative,Successful,2104.0
05/01/2026 03:31,1:24,$0.280,agent_hangup,ended,Neutral,Successful,2576.6
05/01/2026 05:43,1:25,$0.284,agent_hangup,ended,Neutral,Unsuccessful,2511.5
05/01/2026 13:19,1:18,$0.258,agent_hangup,ended,Neutral,Unsuccessful,2283.7
05/01/2026 10:47,2:43,$0.539,agent_hangup,ended,Neutral,Successful,2803.9
05/01/2026 16:10,0:51,$0.169,user_hangup,ended,Neutral,Unsuccessful,2900.5
05/01/2026 09:17,1:46,$0.352,agent_hangup,ended,Neutral,Unsuccessful,2967.2
05/01/2026 11:52,2:32,$0.504,user_hangup,ended,Neutral,Unsuccessful,2699.3
05/01/2026 10:06,1:17,$0.255,user_hangup,ended,Positive,Successful,2939.2
05/01/2026 06:52,2:31,$0.501,user_hangup,ended,Neutral,Successful,2966.6
05/01/2026 13:25,1:55,$0.383,user_hangup,ended,Positive,Successful,1850.8
05/01/2026 08:49,1:17,$0.256,user_hangup,ended,Neutral,Unsuccessful,2984.1
05/01/2026 08:22,1:55,$0.381,agent_hangup,ended,Positive,Unsuccessful,2474.0
05/01/2026 13:20,1:14,$0.245,user_hangup,ended,Neutral,Successful,2084.9
05/02/2026 08:45,1:56,$0.383,user_hangup,ended,Neutral,Unsuccessful,2803.4
05/02/2026 09:45,1:59,$0.394,agent_hangup,ended,Neutral,Successful,2729.2
05/02/2026 09:04,2:22,$0.469,user_hangup,ended,Neutral,Successful,2012.8
05/02/2026 13:28,1:55,$0.382,agent_hangup,ended,Neutral,Successful,2246.5
05/02/2026 15:25,2:10,$0.431,agent_hangup,ended,Neutral,Successful,3094.5
05/04/2026 10:20,2:05,$0.413,user_hangup,ended,Neutral,Successful,3205.4
05/04/2026 09:33,1:25,$0.281,user_hangup,ended,Neutral,Successful,2186.5
05/04/2026 06:59,2:08,$0.425,agent_hangup,ended,Negative,Unsuccessful,2962.8
05/04/2026 14:28,0:29,$0.099,user_hangup,ended,Neutral,Unsuccessful,2874.7
05/04/2026 10:09,0:42,$0.141,agent_hangup,ended,Neutral,Successful,2086.4
05/04/2026 06:56,0:58,$0.193,user_hangup,ended,Positive,Unsuccessful,2656.0
05/04/2026 13:43,2:01,$0.400,user_hangup,ended,Neutral,Unsuccessful,2727.8
05/05/2026 11:59,0:30,$0.100,user_hangup,ended,Neutral,Successful,3070.6
05/05/2026 11:07,0:40,$0.135,user_hangup,ended,Neutral,Successful,2965.1
05/05/2026 07:58,0:29,$0.097,agent_hangup,ended,Neutral,Unsuccessful,2886.8
05/05/2026 16:25,1:41,$0.336,user_hangup,ended,Neutral,Successful,1980.8
05/05/2026 07:11,1:01,$0.204,agent_hangup,ended,Positive,Unsuccessful,2570.7
05/05/2026 14:47,2:10,$0.431,user_hangup,ended,Neutral,Unsuccessful,3550.5
05/05/2026 09:49,1:37,$0.322,user_hangup,ended,Neutral,Unsuccessful,2334.1
05/05/2026 10:18,0:22,$0.073,user_hangup,ended,Neutral,Successful,2497.6
05/05/2026 09:40,0:56,$0.187,user_hangup,ended,Neutral,Unsuccessful,1866.0
05/05/2026 11:47,1:08,$0.226,agent_hangup,ended,Neutral,Successful,2031.5
05/06/2026 06:56,1:10,$0.234,user_hangup,ended,Neutral,Unsuccessful,2662.4
05/06/2026 09:01,1:17,$0.255,agent_hangup,ended,Neutral,Successful,2493.4
05/06/2026 11:19,2:32,$0.505,agent_hangup,ended,Neutral,Successful,2071.4
05/06/2026 13:51,1:06,$0.219,agent_hangup,ended,Neutral,Successful,2722.7
05/06/2026 07:15,1:32,$0.305,agent_hangup,ended,Positive,Unsuccessful,1736.6
05/06/2026 06:28,1:16,$0.252,user_hangup,ended,Neutral,Unsuccessful,1749.0
05/06/2026 12:19,0:36,$0.120,user_hangup,ended,Positive,Successful,2677.4
05/06/2026 06:26,1:36,$0.320,user_hangup,ended,Neutral,Unsuccessful,2546.7
05/06/2026 13:13,1:33,$0.309,user_hangup,ended,Neutral,Unsuccessful,1808.4
05/06/2026 09:09,1:14,$0.245,user_hangup,ended,Positive,Successful,2574.0
05/07/2026 14:46,0:50,$0.165,user_hangup,ended,Neutral,Successful,2729.1
05/07/2026 08:08,1:59,$0.394,agent_hangup,ended,Neutral,Unsuccessful,2420.7
05/07/2026 04:01,3:00,$0.595,agent_hangup,ended,Neutral,Unsuccessful,2947.4
05/07/2026 10:33,2:21,$0.469,agent_hangup,ended,Neutral,Unsuccessful,2484.5
05/07/2026 12:06,1:46,$0.352,user_hangup,ended,Neutral,Successful,2753.3
05/07/2026 08:28,1:08,$0.226,agent_hangup,ended,Positive,Unsuccessful,3320.5
05/07/2026 10:26,2:36,$0.515,agent_hangup,ended,Neutral,Unsuccessful,2177.2
05/07/2026 12:41,1:42,$0.337,agent_hangup,ended,Positive,Unsuccessful,2625.0
05/07/2026 03:05,1:32,$0.306,user_hangup,ended,Neutral,Successful,2811.7
05/07/2026 16:42,0:57,$0.190,user_hangup,ended,Positive,Unsuccessful,2712.2
05/07/2026 11:23,1:48,$0.359,agent_hangup,ended,Positive,Unsuccessful,1941.9
05/07/2026 12:20,1:14,$0.246,agent_hangup,ended,Neutral,Unsuccessful,2340.7
05/07/2026 08:10,1:28,$0.291,user_hangup,ended,Neutral,Successful,2377.7
05/08/2026 09:34,1:24,$0.279,agent_hangup,ended,Neutral,Unsuccessful,1663.7
05/08/2026 07:43,1:22,$0.271,agent_hangup,ended,Negative,Unsuccessful,2574.3
05/08/2026 08:55,0:40,$0.132,agent_hangup,ended,Neutral,Unsuccessful,1858.1
05/08/2026 08:45,1:40,$0.332,agent_hangup,ended,Neutral,Unsuccessful,2873.4
05/08/2026 15:57,3:26,$0.681,user_hangup,ended,Neutral,Successful,2191.1
05/08/2026 12:21,0:51,$0.170,agent_hangup,ended,Neutral,Successful,2895.9
05/08/2026 12:46,1:27,$0.290,user_hangup,ended,Neutral,Successful,2084.7
05/08/2026 07:52,0:08,$0.027,agent_hangup,ended,Neutral,Successful,3200.0
05/08/2026 09:32,0:11,$0.037,user_hangup,ended,Neutral,Unsuccessful,2705.2
05/08/2026 14:43,1:16,$0.251,user_hangup,ended,Neutral,Successful,2664.0
05/08/2026 06:20,1:58,$0.391,user_hangup,ended,Positive,Successful,2695.0
05/08/2026 11:56,1:20,$0.264,agent_hangup,ended,Positive,Unsuccessful,2602.8
05/08/2026 14:13,0:00,$0.000,agent_hangup,not_connected,Neutral,Successful,2313.8
05/08/2026 10:24,0:35,$0.118,user_hangup,ended,Neutral,Successful,2596.4
05/08/2026 15:55,0:43,$0.143,agent_hangup,ended,Positive,Unsuccessful,2801.3
05/08/2026 10:28,1:34,$0.313,agent_hangup,ended,Neutral,Successful,2742.2
05/09/2026 12:53,1:49,$0.362,user_hangup,ended,Neutral,Successful,2668.8
05/09/2026 08:46,1:03,$0.208,user_hangup,ended,Neutral,Successful,2460.4
05/09/2026 09:45,1:34,$0.313,user_hangup,ended,Neutral,Successful,2243.6
05/10/2026 14:30,0:06,$0.021,user_hangup,ended,Neutral,Unsuccessful,2543.5
05/10/2026 06:56,0:10,$0.035,agent_hangup,ended,Positive,Unsuccessful,2400.1
05/10/2026 13:16,2:20,$0.462,user_hangup,ended,Positive,Successful,2295.1
05/10/2026 12:10,1:39,$0.328,user_hangup,ended,Neutral,Successful,3467.2
05/10/2026 06:13,2:51,$0.565,agent_hangup,ended,Neutral,Unsuccessful,2728.5
05/10/2026 08:00,1:40,$0.331,user_hangup,ended,Neutral,Successful,2832.9
05/11/2026 01:13,1:32,$0.306,user_hangup,ended,Neutral,Successful,1544.8
05/11/2026 10:50,0:48,$0.159,agent_hangup,ended,Neutral,Unsuccessful,2021.7
05/11/2026 10:51,2:01,$0.402,agent_hangup,ended,Neutral,Unsuccessful,2309.7
05/11/2026 12:31,1:33,$0.307,user_hangup,ended,Neutral,Successful,2612.0
05/11/2026 15:07,1:23,$0.277,agent_hangup,ended,Neutral,Successful,2628.6
05/11/2026 10:36,1:02,$0.207,user_hangup,ended,Negative,Unsuccessful,2821.4
05/11/2026 12:06,1:38,$0.325,user_hangup,ended,Neutral,Unsuccessful,2454.4
05/11/2026 09:35,1:52,$0.372,agent_hangup,ended,Neutral,Successful,2867.0
05/11/2026 12:11,2:27,$0.487,agent_hangup,ended,Neutral,Successful,2590.3
05/11/2026 08:59,0:38,$0.128,user_hangup,ended,Positive,Successful,2559.3
05/12/2026 07:38,1:11,$0.235,user_hangup,ended,Neutral,Unsuccessful,2488.7
05/12/2026 09:04,1:13,$0.241,user_hangup,ended,Neutral,Successful,3474.4
05/12/2026 15:57,1:55,$0.382,user_hangup,ended,Positive,Unsuccessful,3249.1
05/12/2026 09:49,0:43,$0.143,agent_hangup,ended,Neutral,Unsuccessful,2809.5
05/12/2026 19:17,0:30,$0.100,agent_hangup,ended,Neutral,Unsuccessful,2437.7
05/12/2026 09:56,1:31,$0.302,agent_hangup,ended,Neutral,Unsuccessful,2925.2
05/12/2026 10:01,2:14,$0.444,agent_hangup,ended,Positive,Successful,2579.1
05/12/2026 12:23,1:47,$0.353,agent_hangup,ended,Neutral,Successful,1682.5
05/13/2026 10:51,0:57,$0.190,agent_hangup,ended,Neutral,Successful,2757.3
05/13/2026 08:21,1:38,$0.326,agent_hangup,ended,Neutral,Successful,2098.7
05/13/2026 03:34,1:16,$0.252,user_hangup,ended,Neutral,Successful,3030.7
05/13/2026 06:39,2:15,$0.448,agent_hangup,ended,Neutral,Successful,2430.3
05/14/2026 08:38,0:00,$0.000,user_hangup,not_connected,Neutral,Unsuccessful,2071.1
05/14/2026 12:32,0:54,$0.181,agent_hangup,ended,Neutral,Unsuccessful,2175.6
05/14/2026 12:31,1:22,$0.271,user_hangup,ended,Neutral,Successful,2744.5
05/14/2026 14:41,1:11,$0.235,user_hangup,ended,Negative,Successful,2868.1
05/14/2026 09:58,1:59,$0.394,user_hangup,ended,Neutral,Unsuccessful,2868.9
05/14/2026 06:16,1:37,$0.322,agent_hangup,ended,Neutral,Successful,2438.3
05/14/2026 13:35,0:47,$0.157,user_hangup,ended,Neutral,Unsuccessful,2442.1
05/14/2026 13:13,2:00,$0.396,user_hangup,ended,Neutral,Unsuccessful,2703.5
05/14/2026 04:19,1:06,$0.219,user_hangup,ended,Neutral,Successful,2672.7
05/14/2026 11:08,2:13,$0.442,user_hangup,ended,Positive,Unsuccessful,2463.4
05/14/2026 15:41,2:31,$0.499,agent_hangup,ended,Neutral,Unsuccessful,3102.7
05/14/2026 12:26,1:20,$0.267,agent_hangup,ended,Neutral,Unsuccessful,2471.8
05/14/2026 08:54,2:15,$0.447,user_hangup,ended,Neutral,Unsuccessful,2939.2
05/15/2026 12:04,0:00,$0.000,agent_hangup,not_connected,Positive,Unsuccessful,1686.2
05/15/2026 12:58,1:50,$0.364,agent_hangup,ended,Neutral,Successful,2227.4
05/15/2026 06:06,1:37,$0.321,agent_hangup,ended,Neutral,Successful,2508.4
05/15/2026 11:20,1:12,$0.239,agent_hangup,ended,Neutral,Successful,1703.6
05/15/2026 05:06,1:10,$0.232,user_hangup,ended,Positive,Unsuccessful,2346.8
05/15/2026 06:56,1:48,$0.358,agent_hangup,ended,Neutral,Successful,2669.0
05/15/2026 10:32,0:12,$0.042,user_hangup,ended,Positive,Successful,2385.0
05/15/2026 12:09,0:23,$0.077,user_hangup,ended,Positive,Unsuccessful,2523.4
05/16/2026 13:09,1:08,$0.225,agent_hangup,ended,Neutral,Unsuccessful,2727.6
05/16/2026 18:07,1:42,$0.339,agent_hangup,ended,Negative,Successful,3456.4
05/16/2026 13:19,2:06,$0.418,user_hangup,ended,Neutral,Unsuccessful,2513.3
05/16/2026 09:42,1:55,$0.380,agent_hangup,ended,Neutral,Successful,2211.6
05/17/2026 12:59,1:45,$0.348,agent_hangup,ended,Neutral,Unsuccessful,1980.7
05/17/2026 09:00,1:34,$0.311,agent_hangup,ended,Negative,Successful,3105.4
05/18/2026 14:26,1:41,$0.334,agent_hangup,ended,Neutral,Unsuccessful,2631.0
05/18/2026 14:10,0:56,$0.187,user_hangup,ended,Neutral,Successful,3280.4
05/18/2026 15:08,1:26,$0.284,user_hangup,ended,Neutral,Unsuccessful,2657.6
05/19/2026 14:35,0:23,$0.078,agent_hangup,ended,Neutral,Unsuccessful,2967.8
05/19/2026 12:08,1:23,$0.275,user_hangup,ended,Neutral,Unsuccessful,2790.6
05/19/2026 11:16,1:30,$0.299,user_hangup,ended,Neutral,Successful,3339.4
05/19/2026 05:34,2:21,$0.466,user_hangup,ended,Neutral,Successful,2017.2
05/19/2026 09:02,2:40,$0.530,agent_hangup,ended,Neutral,Unsuccessful,2663.9
05/19/2026 14:11,1:25,$0.282,agent_hangup,ended,Neutral,Successful,2261.6
05/19/2026 10:11,2:50,$0.563,agent_hangup,ended,Negative,Unsuccessful,2850.1
05/19/2026 07:19,0:00,$0.000,agent_hangup,not_connected,Neutral,Successful,3063.6
05/19/2026 08:24,1:08,$0.227,user_hangup,ended,Negative,Unsuccessful,1891.7
05/19/2026 11:58,0:46,$0.152,user_hangup,ended,Positive,Successful,2408.5
05/19/2026 11:56,0:37,$0.124,agent_hangup,ended,Neutral,Successful,2756.7
05/19/2026 16:32,1:06,$0.219,user_hangup,ended,Neutral,Successful,2840.9
05/19/2026 10:25,2:10,$0.430,agent_hangup,ended,Positive,Unsuccessful,2612.3
05/19/2026 06:20,0:43,$0.145,agent_hangup,ended,Neutral,Successful,2367.2
05/19/2026 10:38,1:07,$0.222,agent_hangup,ended,Negative,Unsuccessful,2506.2
05/20/2026 06:32,1:39,$0.330,user_hangup,ended,Neutral,Successful,2816.4
05/20/2026 12:42,0:41,$0.138,agent_hangup,ended,Neutral,Successful,3081.0
05/20/2026 11:05,1:06,$0.219,agent_hangup,ended,Neutral,Unsuccessful,2289.3
05/20/2026 11:40,1:21,$0.270,user_hangup,ended,Positive,Successful,2384.5
05/20/2026 10:59,1:29,$0.294,user_hangup,ended,Neutral,Successful,2774.4
05/20/2026 11:57,0:50,$0.168,user_hangup,ended,Neutral,Successful,2927.2
05/21/2026 11:23,1:07,$0.224,agent_hangup,ended,Neutral,Successful,2043.0
05/21/2026 12:53,0:49,$0.162,user_hangup,ended,Neutral,Successful,2654.3
05/21/2026 15:12,2:09,$0.428,user_hangup,ended,Neutral,Successful,2403.2
05/21/2026 13:39,1:56,$0.383,agent_hangup,ended,Neutral,Successful,2666.7
05/21/2026 12:41,1:44,$0.344,agent_hangup,ended,Negative,Unsuccessful,2499.0
05/21/2026 13:34,2:20,$0.462,agent_hangup,ended,Neutral,Successful,2033.1
05/21/2026 13:03,0:45,$0.150,agent_hangup,ended,Neutral,Unsuccessful,2987.7
05/21/2026 16:11,0:28,$0.093,user_hangup,ended,Neutral,Successful,2134.9
05/21/2026 10:01,1:15,$0.249,user_hangup,ended,Neutral,Successful,2434.1
05/21/2026 11:19,0:35,$0.118,agent_hangup,ended,Neutral,Successful,1713.4
05/22/2026 11:13,1:16,$0.251,user_hangup,ended,Neutral,Successful,2064.1
05/22/2026 09:58,0:39,$0.130,user_hangup,ended,Neutral,Successful,2290.8
05/22/2026 11:18,1:49,$0.362,agent_hangup,ended,Neutral,Successful,2855.5
05/22/2026 10:23,1:04,$0.214,user_hangup,ended,Neutral,Successful,2350.7
05/22/2026 14:49,1:10,$0.232,user_hangup,ended,Neutral,Unsuccessful,2934.9
05/22/2026 05:37,2:59,$0.592,agent_hangup,ended,Neutral,Unsuccessful,1896.0
05/22/2026 10:57,0:58,$0.193,user_hangup,ended,Neutral,Successful,2511.8
05/22/2026 13:22,1:55,$0.382,agent_hangup,ended,Neutral,Unsuccessful,2186.3
05/22/2026 05:29,1:14,$0.246,user_hangup,ended,Neutral,Unsuccessful,1905.3
05/23/2026 17:10,0:00,$0.000,user_hangup,not_connected,Neutral,Unsuccessful,2224.1
05/23/2026 13:41,0:58,$0.193,agent_hangup,ended,Neutral,Successful,1766.7
05/23/2026 10:52,0:00,$0.000,agent_hangup,not_connected,Positive,Successful,2134.4
05/25/2026 06:13,1:14,$0.247,user_hangup,ended,Neutral,Successful,2909.2
05/25/2026 11:06,1:20,$0.264,agent_hangup,ended,Positive,Unsuccessful,2653.1
05/25/2026 10:12,0:48,$0.161,user_hangup,ended,Neutral,Successful,1991.7
05/25/2026 08:55,1:51,$0.367,agent_hangup,ended,Positive,Successful,1508.9
05/25/2026 14:46,1:18,$0.260,agent_hangup,ended,Neutral,Successful,2601.7
05/25/2026 09:53,1:19,$0.263,agent_hangup,ended,Positive,Successful,2242.9
05/25/2026 11:28,0:55,$0.183,user_hangup,ended,Positive,Successful,2418.1
05/26/2026 10:29,2:02,$0.404,user_hangup,ended,Neutral,Successful,2861.1
05/26/2026 10:40,1:19,$0.261,user_hangup,ended,Neutral,Successful,2525.3
05/26/2026 09:27,2:18,$0.458,user_hangup,ended,Positive,Successful,2620.7
05/26/2026 07:52,2:39,$0.526,user_hangup,ended,Neutral,Successful,2797.2
05/26/2026 09:00,1:29,$0.296,agent_hangup,ended,Positive,Successful,2527.6
05/26/2026 08:51,0:53,$0.177,agent_hangup,ended,Negative,Successful,2463.6
05/26/2026 10:18,1:06,$0.219,user_hangup,ended,Neutral,Successful,2338.6
05/26/2026 08:06,2:48,$0.556,agent_hangup,ended,Neutral,Successful,2823.8
05/26/2026 10:53,0:59,$0.196,agent_hangup,ended,Neutral,Unsuccessful,2853.8
05/26/2026 11:16,1:04,$0.214,user_hangup,ended,Neutral,Unsuccessful,1932.3
05/26/2026 13:13,0:45,$0.151,agent_hangup,ended,Neutral,Unsuccessful,2220.7
05/26/2026 05:44,1:34,$0.311,agent_hangup,ended,Neutral,Successful,1797.3
05/27/2026 10:41,1:14,$0.247,user_hangup,ended,Neutral,Unsuccessful,2667.1
05/27/2026 09:55,1:09,$0.229,agent_hangup,ended,Positive,Unsuccessful,2054.5
05/27/2026 16:57,0:47,$0.156,agent_hangup,ended,Positive,Unsuccessful,2571.3
05/27/2026 11:05,1:30,$0.297,user_hangup,ended,Neutral,Successful,2544.6
05/27/2026 08:22,1:13,$0.242,agent_hangup,ended,Neutral,Successful,2169.4
05/27/2026 12:47,0:53,$0.175,user_hangup,ended,Neutral,Unsuccessful,2238.7
05/27/2026 03:10,1:46,$0.351,agent_hangup,ended,Neutral,Successful,2701.0
05/27/2026 15:49,1:20,$0.267,agent_hangup,ended,Neutral,Unsuccessful,2261.6
05/27/2026 15:27,0:54,$0.180,user_hangup,ended,Neutral,Successful,1830.9
05/27/2026 10:03,2:06,$0.416,agent_hangup,ended,Neutral,Successful,2314.0
05/27/2026 08:29,1:37,$0.323,agent_hangup,ended,Neutral,Unsuccessful,1950.2
05/28/2026 08:56,0:12,$0.040,user_hangup,ended,Neutral,Successful,2917.5
05/28/2026 15:19,2:04,$0.411,user_hangup,ended,Neutral,Unsuccessful,2350.0
05/28/2026 02:16,1:25,$0.284,user_hangup,ended,Neutral,Successful,2347.2
05/28/2026 12:33,1:11,$0.236,user_hangup,ended,Neutral,Successful,3111.8
05/28/2026 16:40,1:35,$0.315,user_hangup,ended,Positive,Successful,3733.5
05/28/2026 12:14,0:00,$0.000,agent_hangup,not_connected,Positive,Unsuccessful,2886.3
05/29/2026 12:56,0:07,$0.026,user_hangup,ended,Neutral,Unsuccessful,2612.4
05/29/2026 12:00,1:44,$0.345,user_hangup,ended,Negative,Unsuccessful,2875.2
05/29/2026 09:09,1:31,$0.301,user_hangup,ended,Positive,Unsuccessful,2670.5
05/29/2026 07:11,1:27,$0.288,agent_hangup,ended,Neutral,Unsuccessful,2287.6
05/29/2026 13:32,1:23,$0.275,user_hangup,ended,Neutral,Unsuccessful,2728.7
05/29/2026 13:23,0:41,$0.136,user_hangup,ended,Neutral,Successful,3184.2
05/29/2026 11:11,1:48,$0.358,user_hangup,ended,Neutral,Unsuccessful,2367.5
05/29/2026 10:01,2:37,$0.520,agent_hangup,ended,Neutral,Successful,2033.2
05/29/2026 10:13,0:58,$0.194,agent_hangup,ended,Neutral,Successful,2495.9
05/29/2026 10:18,1:41,$0.334,user_hangup,ended,Neutral,Unsuccessful,2124.6
05/29/2026 10:30,0:34,$0.114,user_hangup,ended,Neutral,Unsuccessful,2934.2
05/29/2026 09:47,1:55,$0.381,user_hangup,ended,Neutral,Unsuccessful,1990.0
05/29/2026 12:47,1:10,$0.232,agent_hangup,ended,Negative,Unsuccessful,2102.7
05/30/2026 09:09,1:18,$0.260,agent_hangup,ended,Positive,Unsuccessful,2443.5
05/31/2026 12:06,0:44,$0.148,agent_hangup,ended,Neutral,Unsuccessful,2669.8
06/01/2026 13:28,0:37,$0.125,user_hangup,ended,Neutral,Unsuccessful,3012.5
06/01/2026 07:58,1:43,$0.341,user_hangup,ended,Neutral,Successful,3357.4
06/01/2026 11:11,1:06,$0.220,agent_hangup,ended,Neutral,Successful,2597.3
06/01/2026 12:22,1:26,$0.284,agent_hangup,ended,Neutral,Unsuccessful,2833.7
06/01/2026 12:11,2:16,$0.451,user_hangup,ended,Neutral,Unsuccessful,1465.5
06/01/2026 12:44,2:08,$0.425,agent_hangup,ended,Neutral,Successful,3147.7
06/01/2026 09:14,2:08,$0.424,agent_hangup,ended,Neutral,Successful,3237.5
06/01/2026 11:19,1:15,$0.249,agent_hangup,ended,Neutral,Unsuccessful,2804.4
06/01/2026 07:17,2:37,$0.518,agent_hangup,ended,Neutral,Successful,2451.5
06/02/2026 09:48,0:36,$0.119,agent_hangup,ended,Neutral,Unsuccessful,2262.0
06/02/2026 13:53,1:43,$0.341,user_hangup,ended,Neutral,Unsuccessful,1953.4
06/02/2026 10:55,0:43,$0.145,user_hangup,ended,Neutral,Successful,2716.4
06/02/2026 09:46,2:01,$0.401,user_hangup,ended,Positive,Successful,2684.7
06/02/2026 14:00,1:20,$0.266,user_hangup,ended,Neutral,Successful,2439.5
06/02/2026 14:40,1:41,$0.335,user_hangup,ended,Neutral,Unsuccessful,2777.4
06/02/2026 10:54,1:24,$0.280,user_hangup,ended,Neutral,Successful,2448.3
06/02/2026 11:31,0:43,$0.144,user_hangup,ended,Neutral,Successful,2085.0
06/02/2026 12:01,1:45,$0.348,agent_hangup,ended,Neutral,Unsuccessful,1996.5
06/02/2026 13:14,2:39,$0.526,agent_hangup,ended,Neutral,Unsuccessful,2417.7
06/03/2026 11:42,1:37,$0.323,user_hangup,ended,Neutral,Successful,2293.0
06/03/2026 06:51,2:10,$0.432,agent_hangup,ended,Neutral,Successful,2404.8
06/03/2026 10:11,2:19,$0.460,agent_hangup,ended,Negative,Unsuccessful,3122.3
06/03/2026 12:02,1:07,$0.224,agent_hangup,ended,Neutral,Unsuccessful,2739.9
06/03/2026 04:15,1:23,$0.277,user_hangup,ended,Neutral,Unsuccessful,2462.2
06/03/2026 10:22,1:48,$0.359,agent_hangup,ended,Neutral,Unsuccessful,2622.3
06/03/2026 04:56,0:25,$0.084,agent_hangup,ended,Negative,Successful,2636.8
06/03/2026 01:34,0:00,$0.000,agent_hangup,not_connected,Neutral,Unsuccessful,2668.2
06/04/2026 12:29,2:21,$0.468,user_hangup,ended,Neutral,Unsuccessful,2674.6
06/04/2026 13:00,2:02,$0.405,agent_hangup,ended,Neutral,Unsuccessful,2739.3
06/04/2026 12:32,1:16,$0.254,agent_hangup,ended,Positive,Successful,2948.2
06/04/2026 07:45,0:32,$0.106,agent_hangup,ended,Positive,Successful,3390.0
06/04/2026 11:13,2:25,$0.479,agent_hangup,ended,Neutral,Successful,2008.6
06/04/2026 07:22,1:34,$0.311,agent_hangup,ended,Neutral,Unsuccessful,2232.0
06/04/2026 12:27,1:28,$0.292,agent_hangup,ended,Neutral,Successful,2795.9
06/04/2026 09:44,0:36,$0.119,agent_hangup,ended,Neutral,Unsuccessful,2366.2
06/05/2026 08:49,1:10,$0.232,user_hangup,ended,Neutral,Unsuccessful,2537.1
06/05/2026 13:25,1:59,$0.394,user_hangup,ended,Neutral,Successful,2249.3
06/05/2026 10:51,0:10,$0.036,agent_hangup,ended,Neutral,Successful,2259.9
06/05/2026 13:46,0:25,$0.085,user_hangup,ended,Neutral,Successful,2452.5
06/05/2026 12:03,1:20,$0.266,user_hangup,ended,Neutral,Successful,2743.3
06/06/2026 08:32,1:48,$0.358,agent_hangup,ended,Positive,Unsuccessful,2546.8
06/07/2026 10:49,2:44,$0.543,agent_hangup,ended,Neutral,Unsuccessful,1822.6
06/07/2026 06:25,2:07,$0.419,agent_hangup,ended,Neutral,Unsuccessful,2583.5
06/08/2026 19:44,1:16,$0.252,user_hangup,ended,Positive,Successful,2214.5
06/08/2026 10:01,0:53,$0.176,user_hangup,ended,Neutral,Successful,2507.4
06/08/2026 13:25,1:29,$0.296,user_hangup,ended,Neutral,Successful,2498.0
06/08/2026 11:16,1:50,$0.365,user_hangup,ended,Neutral,Unsuccessful,2562.9
06/08/2026 15:23,1:34,$0.313,agent_hangup,ended,Neutral,Unsuccessful,2080.6
06/08/2026 06:07,0:30,$0.101,user_hangup,ended,Neutral,Unsuccessful,3063.8
06/08/2026 08:10,0:20,$0.067,agent_hangup,ended,Neutral,Successful,2167.1
06/08/2026 05:19,1:45,$0.350,user_hangup,ended,Positive,Successful,2743.2
06/08/2026 11:21,1:26,$0.287,user_hangup,ended,Neutral,Successful,2833.8
06/09/2026 05:18,2:06,$0.418,agent_hangup,ended,Neutral,Successful,2495.9
06/09/2026 11:32,1:20,$0.265,agent_hangup,ended,Neutral,Unsuccessful,2473.2
06/09/2026 13:17,0:50,$0.165,agent_hangup,ended,Neutral,Successful,3133.8
06/09/2026 11:19,1:03,$0.208,agent_hangup,ended,Neutral,Unsuccessful,2429.5
06/09/2026 12:46,1:32,$0.305,agent_hangup,ended,Neutral,Unsuccessful,2955.0
06/09/2026 18:48,2:31,$0.500,user_hangup,ended,Neutral,Successful,3130.4
06/09/2026 17:47,1:34,$0.311,agent_hangup,ended,Neutral,Successful,1947.3
06/09/2026 08:42,0:36,$0.120,user_hangup,ended,Positive,Unsuccessful,2837.4
06/09/2026 09:26,1:28,$0.293,agent_hangup,ended,Neutral,Unsuccessful,2269.1
06/09/2026 08:05,2:08,$0.424,agent_hangup,ended,Neutral,Successful,3003.6
06/09/2026 11:10,1:47,$0.355,user_hangup,ended,Neutral,Unsuccessful,1691.3
06/09/2026 10:54,2:21,$0.468,user_hangup,ended,Neutral,Unsuccessful,2417.7
06/10/2026 09:22,0:26,$0.087,agent_hangup,ended,Neutral,Successful,2335.3
06/10/2026 07:38,0:19,$0.064,agent_hangup,ended,Neutral,Unsuccessful,2713.9
06/10/2026 12:30,1:27,$0.289,user_hangup,ended,Neutral,Unsuccessful,2614.0
06/10/2026 18:13,1:58,$0.390,agent_hangup,ended,Neutral,Successful,2270.1
06/10/2026 07:25,0:37,$0.125,agent_hangup,ended,Neutral,Unsuccessful,2444.2
06/10/2026 07:46,1:49,$0.361,user_hangup,ended,Neutral,Successful,2656.1
06/10/2026 09:58,1:05,$0.216,user_hangup,ended,Neutral,Successful,2224.2
06/10/2026 10:52,0:59,$0.197,user_hangup,ended,Neutral,Successful,2528.3
06/10/2026 06:02,1:09,$0.231,user_hangup,ended,Neutral,Unsuccessful,3063.4
06/10/2026 11:17,0:59,$0.196,agent_hangup,ended,Neutral,Successful,2372.4
06/10/2026 14:35,1:06,$0.220,user_hangup,ended,Positive,Successful,2759.9
06/10/2026 10:55,1:34,$0.312,user_hangup,ended,Positive,Successful,2796.3
06/10/2026 12:45,1:36,$0.318,agent_hangup,ended,Neutral,Unsuccessful,3061.4
06/10/2026 17:04,1:28,$0.290,agent_hangup,ended,Positive,Unsuccessful,2828.9
06/11/2026 09:44,1:31,$0.302,agent_hangup,ended,Neutral,Successful,2328.8
06/11/2026 10:50,0:48,$0.159,agent_hangup,ended,Neutral,Unsuccessful,2625.3
06/11/2026 19:24,3:04,$0.609,agent_hangup,ended,Positive,Unsuccessful,2771.3
06/11/2026 10:04,1:52,$0.371,agent_hangup,ended,Neutral,Unsuccessful,2470.9
06/11/2026 09:11,0:44,$0.147,agent_hangup,ended,Neutral,Successful,2387.9
06/11/2026 09:59,1:47,$0.355,user_hangup,ended,Neutral,Successful,2457.5
06/11/2026 14:49,1:46,$0.353,user_hangup,ended,Neutral,Unsuccessful,2381.8
06/11/2026 10:43,1:57,$0.389,user_hangup,ended,Positive,Unsuccessful,2642.4
06/11/2026 10:47,0:06,$0.020,user_hangup,ended,Neutral,Successful,2775.0
06/11/2026 14:37,2:08,$0.423,user_hangup,ended,Negative,Unsuccessful,3102.6
06/11/2026 14:24,1:35,$0.316,agent_hangup,ended,Neutral,Successful,2971.9
06/11/2026 13:55,1:55,$0.380,user_hangup,ended,Neutral,Unsuccessful,2076.3
06/11/2026 08:15,1:45,$0.349,user_hangup,ended,Neutral,Successful,2431.0
06/11/2026 13:55,2:24,$0.478,agent_hangup,ended,Neutral,Unsuccessful,2748.0
06/11/2026 13:18,1:54,$0.377,agent_hangup,ended,Neutral,Successful,2737.6
06/12/2026 09:03,0:33,$0.109,agent_hangup,ended,Neutral,Unsuccessful,2400.5
06/12/2026 08:02,2:02,$0.403,agent_hangup,ended,Negative,Unsuccessful,3256.5
06/12/2026 11:55,2:21,$0.466,user_hangup,ended,Neutral,Successful,2760.5
06/12/2026 16:39,1:55,$0.381,agent_hangup,ended,Neutral,Unsuccessful,2498.0
06/12/2026 15:00,1:25,$0.281,agent_hangup,ended,Neutral,Successful,2390.7
06/12/2026 11:29,1:40,$0.331,user_hangup,ended,Neutral,Successful,3110.0
06/12/2026 10:47,1:06,$0.220,agent_hangup,ended,Neutral,Unsuccessful,1987.9
06/12/2026 07:32,0:59,$0.196,agent_hangup,ended,Neutral,Successful,2314.0
06/12/2026 14:08,1:40,$0.333,agent_hangup,ended,Neutral,Successful,1991.7
06/12/2026 14:39,1:19,$0.263,agent_hangup,ended,Neutral,Unsuccessful,2614.5
06/12/2026 11:14,0:48,$0.159,user_hangup,ended,Neutral,Unsuccessful,1563.8
06/12/2026 07:15,1:48,$0.358,agent_hangup,ended,Neutral,Successful,3147.9
06/12/2026 14:40,0:47,$0.155,agent_hangup,ended,Neutral,Successful,2379.5
06/12/2026 00:07,1:05,$0.216,user_hangup,ended,Positive,Unsuccessful,3021.9
06/12/2026 07:14,1:01,$0.202,user_hangup,ended,Neutral,Successful,2871.1
06/15/2026 13:59,2:17,$0.453,agent_hangup,ended,Neutral,Unsuccessful,2675.2
06/15/2026 04:38,2:43,$0.539,agent_hangup,ended,Positive,Unsuccessful,1788.1
06/15/2026 09:11,1:21,$0.268,agent_hangup,ended,Neutral,Successful,2475.2
06/15/2026 11:10,1:42,$0.337,user_hangup,ended,Negative,Successful,2774.8
06/15/2026 14:03,1:56,$0.383,agent_hangup,ended,Positive,Unsuccessful,3043.5
06/15/2026 12:19,1:01,$0.203,user_hangup,ended,Neutral,Successful,2958.2
06/15/2026 11:25,0:31,$0.104,user_hangup,ended,Neutral,Successful,2306.1
06/15/2026 11:12,0:45,$0.149,agent_hangup,ended,Neutral,Successful,2699.6
06/15/2026 16:31,2:09,$0.429,agent_hangup,ended,Neutral,Successful,2208.7
06/15/2026 14:47,0:29,$0.096,agent_hangup,ended,Neutral,Successful,2761.9
06/15/2026 13:13,2:04,$0.410,user_hangup,ended,Neutral,Successful,2849.0
06/15/2026 07:13,1:03,$0.210,agent_hangup,ended,Positive,Unsuccessful,1877.4
06/15/2026 10:34,0:48,$0.162,user_hangup,ended,Neutral,Unsuccessful,2657.7
06/15/2026 06:00,1:42,$0.337,user_hangup,ended,Neutral,Unsuccessful,1920.2
06/15/2026 10:36,1:24,$0.279,user_hangup,ended,Neutral,Unsuccessful,2219.0
06/15/2026 09:02,1:59,$0.394,agent_hangup,ended,Positive,Successful,2122.9
06/16/2026 10:34,1:45,$0.349,agent_hangup,ended,Negative,Successful,3051.0
06/16/2026 10:44,2:17,$0.453,agent_hangup,ended,Neutral,Successful,2568.3
06/16/2026 15:59,1:38,$0.324,user_hangup,ended,Neutral,Unsuccessful,2235.5
06/16/2026 11:28,0:50,$0.167,user_hangup,ended,Neutral,Unsuccessful,2037.4
06/16/2026 14:28,1:27,$0.288,agent_hangup,ended,Neutral,Unsuccessful,2198.5
06/16/2026 08:20,1:40,$0.330,user_hangup,ended,Negative,Successful,1804.9
06/16/2026 06:07,0:48,$0.159,agent_hangup,ended,Positive,Unsuccessful,2145.6
06/16/2026 11:19,0:58,$0.192,user_hangup,ended,Neutral,Unsuccessful,2413.5
06/16/2026 10:06,0:34,$0.115,user_hangup,ended,Neutral,Unsuccessful,2865.4
06/16/2026 10:20,1:37,$0.321,agent_hangup,ended,Neutral,Unsuccessful,2314.0
06/16/2026 11:58,1:41,$0.336,agent_hangup,ended,Neutral,Successful,2862.1
06/16/2026 07:32,1:18,$0.259,agent_hangup,ended,Neutral,Unsuccessful,2698.5
06/17/2026 09:44,0:34,$0.114,agent_hangup,ended,Neutral,Unsuccessful,2696.8
06/17/2026 08:10,1:29,$0.295,user_hangup,ended,Neutral,Unsuccessful,2776.3
06/17/2026 12:17,1:45,$0.349,agent_hangup,ended,Positive,Unsuccessful,2181.8
06/17/2026 13:34,1:01,$0.203,agent_hangup,ended,Neutral,Successful,3132.6
06/17/2026 12:36,1:13,$0.242,user_hangup,ended,Neutral,Successful,3095.2
06/17/2026 10:54,2:03,$0.407,agent_hangup,ended,Neutral,Unsuccessful,2724.6
06/17/2026 07:15,1:42,$0.337,user_hangup,ended,Neutral,Unsuccessful,2178.4
06/17/2026 12:52,1:23,$0.276,user_hangup,ended,Neutral,Unsuccessful,2626.6
06/17/2026 11:43,2:32,$0.502,user_hangup,ended,Neutral,Unsuccessful,3136.6
06/17/2026 13:31,2:13,$0.440,agent_hangup,ended,Neutral,Successful,2101.3
06/17/2026 11:45,2:08,$0.426,agent_hangup,ended,Neutral,Unsuccessful,2603.4
06/18/2026 09:52,1:06,$0.221,agent_hangup,ended,Neutral,Successful,2600.5
06/18/2026 15:19,1:00,$0.200,agent_hangup,ended,Negative,Successful,2662.8
06/18/2026 09:10,0:13,$0.045,user_hangup,ended,Neutral,Successful,2542.0
06/18/2026 09:27,1:02,$0.208,agent_hangup,ended,Positive,Successful,1958.6
06/18/2026 08:49,1:04,$0.213,agent_hangup,ended,Neutral,Successful,3344.6
06/18/2026 13:53,0:19,$0.063,user_hangup,ended,Negative,Successful,3004.8
06/18/2026 15:47,0:52,$0.174,agent_hangup,ended,Neutral,Successful,3000.6
06/18/2026 04:10,0:00,$0.000,user_hangup,not_connected,Positive,Unsuccessful,2153.3
06/19/2026 10:12,3:10,$0.628,user_hangup,ended,Neutral,Successful,1988.6
06/19/2026 07:14,1:09,$0.228,agent_hangup,ended,Neutral,Unsuccessful,2613.5
06/19/2026 06:17,2:27,$0.487,agent_hangup,ended,Neutral,Unsuccessful,2381.5
06/19/2026 07:41,0:32,$0.107,user_hangup,ended,Neutral,Unsuccessful,2643.3
06/19/2026 07:59,1:40,$0.333,user_hangup,ended,Neutral,Successful,2013.8
06/19/2026 09:38,0:46,$0.152,agent_hangup,ended,Neutral,Unsuccessful,2721.5
06/19/2026 07:21,2:51,$0.566,user_hangup,ended,Neutral,Unsuccessful,2702.0
06/19/2026 09:03,0:51,$0.169,agent_hangup,ended,Neutral,Successful,1931.0
06/19/2026 11:45,2:01,$0.402,agent_hangup,ended,Neutral,Unsuccessful,2201.8
06/20/2026 13:53,0:36,$0.119,agent_hangup,ended,Neutral,Successful,2739.3
06/20/2026 14:55,0:00,$0.000,agent_hangup,not_connected,Positive,Unsuccessful,2285.0
06/20/2026 11:26,1:48,$0.358,user_hangup,ended,Negative,Unsuccessful,2622.2
06/20/2026 17:35,2:03,$0.407,agent_hangup,ended,Neutral,Successful,2867.8
06/21/2026 13:36,1:35,$0.314,user_hangup,ended,Positive,Unsuccessful,2031.5
06/21/2026 04:55,1:32,$0.305,agent_hangup,ended,Neutral,Successful,1701.5
06/22/2026 07:42,2:00,$0.396,user_hangup,ended,Neutral,Successful,2784.6
06/22/2026 14:44,1:57,$0.386,user_hangup,ended,Neutral,Successful,2797.7
06/22/2026 11:33,1:36,$0.318,user_hangup,ended,Neutral,Successful,2761.6
06/22/2026 11:13,1:30,$0.299,agent_hangup,ended,Neutral,Unsuccessful,2245.1
06/22/2026 11:56,2:39,$0.525,user_hangup,ended,Neutral,Successful,2654.1
06/22/2026 15:27,0:24,$0.081,agent_hangup,ended,Neutral,Successful,2294.4
06/22/2026 07:32,1:16,$0.252,user_hangup,ended,Neutral,Unsuccessful,2493.4
06/22/2026 12:36,2:03,$0.406,agent_hangup,ended,Neutral,Unsuccessful,2670.1
06/22/2026 12:15,1:40,$0.331,agent_hangup,ended,Positive,Successful,3069.7
06/22/2026 11:36,2:07,$0.421,agent_hangup,ended,Positive,Successful,2141.0
06/23/2026 15:20,0:44,$0.147,agent_hangup,ended,Neutral,Unsuccessful,2627.2
06/23/2026 11:35,2:01,$0.400,user_hangup,ended,Neutral,Successful,2765.5
06/23/2026 08:23,1:37,$0.323,agent_hangup,ended,Neutral,Unsuccessful,3614.4
06/23/2026 08:24,0:43,$0.144,agent_hangup,ended,Positive,Unsuccessful,3095.8
06/24/2026 07:30,1:37,$0.320,agent_hangup,ended,Neutral,Successful,2321.0
06/24/2026 09:56,1:26,$0.285,agent_hangup,ended,Positive,Successful,2384.6
06/24/2026 05:02,1:35,$0.316,agent_hangup,ended,Neutral,Unsuccessful,2465.7
06/24/2026 12:36,1:35,$0.316,user_hangup,ended,Neutral,Successful,2014.1
06/24/2026 08:35,1:42,$0.337,agent_hangup,ended,Positive,Unsuccessful,1812.7
06/24/2026 07:29,2:55,$0.581,user_hangup,ended,Neutral,Successful,2608.5
06/24/2026 10:03,1:51,$0.368,user_hangup,ended,Neutral,Successful,2329.7
06/24/2026 12:10,2:04,$0.411,user_hangup,ended,Neutral,Successful,2785.0
06/24/2026 06:01,2:06,$0.417,user_hangup,ended,Neutral,Unsuccessful,2108.0
06/24/2026 09:25,1:05,$0.217,agent_hangup,ended,Neutral,Successful,2114.0
06/24/2026 09:57,1:04,$0.212,user_hangup,ended,Neutral,Unsuccessful,3131.9
06/24/2026 11:37,1:37,$0.322,agent_hangup,ended,Neutral,Unsuccessful,2905.2
06/24/2026 11:38,1:51,$0.367,user_hangup,ended,Neutral,Successful,3143.6
06/24/2026 15:48,0:37,$0.122,user_hangup,ended,Positive,Unsuccessful,2398.9
06/25/2026 18:40,0:20,$0.068,user_hangup,ended,Neutral,Unsuccessful,2752.6
06/25/2026 06:46,0:51,$0.169,user_hangup,ended,Neutral,Successful,2848.8
06/25/2026 17:56,1:02,$0.207,user_hangup,ended,Neutral,Unsuccessful,1538.6
06/25/2026 10:11,1:27,$0.290,agent_hangup,ended,Neutral,Unsuccessful,2210.2
06/25/2026 11:46,1:13,$0.243,user_hangup,ended,Neutral,Unsuccessful,2469.2
06/25/2026 13:18,2:34,$0.508,user_hangup,ended,Negative,Successful,1872.3
06/25/2026 12:39,1:19,$0.262,agent_hangup,ended,Neutral,Unsuccessful,3013.5
06/25/2026 10:07,1:07,$0.222,user_hangup,ended,Neutral,Successful,2231.2
06/25/2026 13:41,1:29,$0.294,agent_hangup,ended,Neutral,Successful,3128.6
06/25/2026 07:39,0:40,$0.134,user_hangup,ended,Neutral,Unsuccessful,2758.0
06/26/2026 04:01,2:12,$0.436,user_hangup,ended,Neutral,Unsuccessful,2882.0
06/26/2026 06:44,0:42,$0.142,agent_hangup,ended,Neutral,Unsuccessful,2801.2
06/26/2026 08:47,0:37,$0.123,agent_hangup,ended,Positive,Unsuccessful,2555.1
06/26/2026 13:00,1:15,$0.248,agent_hangup,ended,Neutral,Unsuccessful,1450.3
06/27/2026 10:20,1:59,$0.395,agent_hangup,ended,Positive,Successful,2744.4
06/27/2026 09:04,0:22,$0.074,agent_hangup,ended,Neutral,Unsuccessful,2345.3
06/28/2026 08:55,0:59,$0.197,agent_hangup,ended,Neutral,Unsuccessful,3189.2
06/28/2026 12:40,0:47,$0.157,agent_hangup,ended,Neutral,Successful,2376.9
06/28/2026 14:28,0:58,$0.192,agent_hangup,ended,Neutral,Successful,2319.7
06/29/2026 11:35,0:55,$0.182,user_hangup,ended,Neutral,Successful,1996.4
06/29/2026 07:46,1:33,$0.309,user_hangup,ended,Neutral,Successful,2398.3
06/29/2026 12:31,2:19,$0.459,user_hangup,ended,Neutral,Successful,3104.7
06/29/2026 19:54,2:24,$0.478,user_hangup,ended,Neutral,Unsuccessful,2833.2
06/29/2026 08:35,0:47,$0.157,user_hangup,ended,Neutral,Successful,1824.9
06/29/2026 14:01,2:01,$0.400,agent_hangup,ended,Neutral,Successful,2579.7
06/29/2026 13:34,1:35,$0.314,agent_hangup,ended,Neutral,Successful,2644.6
06/29/2026 08:46,1:21,$0.270,agent_hangup,ended,Positive,Successful,2336.9
06/29/2026 06:59,1:04,$0.213,agent_hangup,ended,Positive,Unsuccessful,2642.0
06/29/2026 12:59,0:33,$0.111,user_hangup,ended,Negative,Successful,2467.6
06/29/2026 08:38,1:29,$0.296,agent_hangup,ended,Neutral,Successful,2460.4
06/29/2026 09:41,1:05,$0.218,agent_hangup,ended,Neutral,Unsuccessful,2545.4
06/30/2026 09:03,2:35,$0.514,user_hangup,ended,Neutral,Successful,2779.8
06/30/2026 11:52,3:10,$0.627,agent_hangup,ended,Positive,Unsuccessful,2807.9
06/30/2026 09:35,1:28,$0.290,user_hangup,ended,Neutral,Unsuccessful,2514.8
06/30/2026 09:43,0:25,$0.083,user_hangup,ended,Positive,Unsuccessful,2444.0
06/30/2026 05:16,2:24,$0.475,user_hangup,ended,Neutral,Successful,2040.0
06/30/2026 15:11,0:57,$0.189,user_hangup,ended,Neutral,Unsuccessful,1410.0
06/30/2026 10:22,1:39,$0.329,agent_hangup,ended,Neutral,Unsuccessful,2813.8
06/30/2026 10:10,0:00,$0.000,agent_hangup,not_connected,Neutral,Successful,2663.5
07/01/2026 14:15,2:18,$0.457,user_hangup,ended,Neutral,Unsuccessful,1996.0
07/01/2026 07:21,1:24,$0.279,user_hangup,ended,Neutral,Unsuccessful,2134.6
07/01/2026 10:06,0:15,$0.050,agent_hangup,ended,Neutral,Successful,2596.0
07/01/2026 09:16,1:46,$0.352,agent_hangup,ended,Neutral,Successful,2519.3
07/01/2026 16:40,1:30,$0.299,agent_hangup,ended,Neutral,Unsuccessful,3131.0
07/01/2026 10:48,0:55,$0.182,user_hangup,ended,Neutral,Unsuccessful,2054.8
07/02/2026 16:29,0:46,$0.152,user_hangup,ended,Neutral,Successful,2582.6
07/02/2026 09:08,1:12,$0.238,agent_hangup,ended,Neutral,Successful,2491.5
07/02/2026 11:20,1:50,$0.364,agent_hangup,ended,Neutral,Successful,2276.9
07/02/2026 15:31,0:49,$0.163,agent_hangup,ended,Neutral,Unsuccessful,2695.1
07/02/2026 14:58,1:49,$0.360,agent_hangup,ended,Positive,Unsuccessful,2265.5
07/02/2026 11:33,2:21,$0.466,agent_hangup,ended,Positive,Successful,2673.5
07/02/2026 04:51,0:45,$0.151,user_hangup,ended,Neutral,Unsuccessful,2973.2
07/02/2026 10:14,1:09,$0.230,agent_hangup,ended,Negative,Successful,2688.7
07/02/2026 08:43,2:29,$0.494,agent_hangup,ended,Neutral,Unsuccessful,2494.4
07/02/2026 09:41,3:13,$0.640,agent_hangup,ended,Neutral,Successful,2194.6
07/02/2026 13:38,2:21,$0.468,agent_hangup,ended,Negative,Unsuccessful,2286.5
07/02/2026 16:32,1:02,$0.206,user_hangup,ended,Neutral,Unsuccessful,2522.0
07/03/2026 14:41,1:40,$0.330,user_hangup,ended,Neutral,Successful,2109.4
07/03/2026 07:11,1:09,$0.230,agent_hangup,ended,Neutral,Successful,2804.5
07/03/2026 13:06,0:53,$0.176,user_hangup,ended,Positive,Successful,2310.5
07/03/2026 14:19,2:28,$0.489,user_hangup,ended,Neutral,Unsuccessful,2853.5
07/03/2026 10:38,2:25,$0.480,agent_hangup,ended,Neutral,Successful,2329.7
07/03/2026 05:23,1:41,$0.336,user_hangup,ended,Neutral,Unsuccessful,2382.2
07/03/2026 06:02,0:54,$0.181,agent_hangup,ended,Neutral,Unsuccessful,2889.1
07/03/2026 15:58,1:00,$0.200,user_hangup,ended,Neutral,Successful,2838.6
07/04/2026 08:42,2:06,$0.416,agent_hangup,ended,Neutral,Unsuccessful,2938.3
07/04/2026 09:17,0:46,$0.154,user_hangup,ended,Neutral,Unsuccessful,2453.4
07/05/2026 12:24,1:27,$0.290,agent_hangup,ended,Neutral,Successful,2454.7
07/05/2026 10:55,1:45,$0.348,user_hangup,ended,Neutral,Successful,2297.1
07/05/2026 05:16,1:17,$0.256,agent_hangup,ended,Neutral,Successful,2666.8
07/06/2026 06:20,2:05,$0.413,agent_hangup,ended,Neutral,Unsuccessful,2435.5
07/06/2026 12:33,2:08,$0.425,user_hangup,ended,Neutral,Successful,2741.5
07/06/2026 13:04,1:04,$0.214,agent_hangup,ended,Neutral,Successful,2160.8
07/06/2026 11:41,1:14,$0.246,user_hangup,ended,Neutral,Unsuccessful,2361.7
07/06/2026 14:42,2:22,$0.470,user_hangup,ended,Negative,Unsuccessful,2397.2
07/06/2026 15:05,0:54,$0.179,agent_hangup,ended,Neutral,Unsuccessful,2713.2
07/06/2026 07:16,0:55,$0.183,user_hangup,ended,Negative,Successful,2817.9
07/07/2026 12:05,0:43,$0.145,user_hangup,ended,Neutral,Unsuccessful,2854.9
07/07/2026 08:11,1:21,$0.268,user_hangup,ended,Positive,Successful,2542.8
07/07/2026 12:55,1:11,$0.236,user_hangup,ended,Neutral,Successful,3153.4
07/07/2026 07:01,1:39,$0.329,agent_hangup,ended,Positive,Successful,2294.9
07/07/2026 14:25,0:37,$0.125,agent_hangup,ended,Neutral,Unsuccessful,2780.1
07/08/2026 10:57,0:41,$0.138,user_hangup,ended,Neutral,Unsuccessful,2205.9
07/08/2026 12:50,0:53,$0.175,agent_hangup,ended,Positive,Successful,2392.1
07/08/2026 09:02,0:46,$0.155,agent_hangup,ended,Positive,Successful,3045.3
07/08/2026 11:58,2:37,$0.521,agent_hangup,ended,Positive,Successful,2142.4
07/08/2026 09:14,2:27,$0.488,agent_hangup,ended,Neutral,Successful,2778.1
07/08/2026 09:47,2:10,$0.430,agent_hangup,ended,Positive,Unsuccessful,2800.4
07/08/2026 07:36,1:09,$0.231,user_hangup,ended,Positive,Unsuccessful,2228.2
07/08/2026 11:47,2:08,$0.424,agent_hangup,ended,Neutral,Successful,2463.5
07/08/2026 08:29,0:37,$0.122,user_hangup,ended,Positive,Unsuccessful,2870.8
07/08/2026 08:41,1:09,$0.228,agent_hangup,ended,Neutral,Unsuccessful,2489.6
07/08/2026 11:48,1:14,$0.247,agent_hangup,ended,Neutral,Unsuccessful,1987.1
07/09/2026 16:51,1:16,$0.252,agent_hangup,ended,Neutral,Successful,2240.9
07/09/2026 05:09,1:05,$0.215,agent_hangup,ended,Neutral,Unsuccessful,2860.6
07/09/2026 11:06,2:30,$0.497,agent_hangup,ended,Neutral,Successful,3253.0
07/09/2026 11:10,1:23,$0.277,user_hangup,ended,Positive,Successful,2178.8
07/09/2026 12:44,2:20,$0.465,agent_hangup,ended,Positive,Unsuccessful,3151.3
07/09/2026 10:10,2:30,$0.496,user_hangup,ended,Neutral,Successful,2129.1
07/10/2026 12:38,1:04,$0.211,user_hangup,ended,Neutral,Unsuccessful,2583.2
07/10/2026 15:32,2:31,$0.501,agent_hangup,ended,Neutral,Successful,1735.9
07/10/2026 10:53,1:48,$0.358,user_hangup,ended,Positive,Unsuccessful,2394.6
07/10/2026 04:30,1:17,$0.257,agent_hangup,ended,Neutral,Unsuccessful,1731.1
07/10/2026 05:30,2:56,$0.583,agent_hangup,ended,Neutral,Unsuccessful,3178.9
07/10/2026 11:21,1:09,$0.230,agent_hangup,ended,Neutral,Unsuccessful,2440.3
07/10/2026 08:36,0:53,$0.177,user_hangup,ended,Negative,Successful,2683.5
07/10/2026 07:32,1:23,$0.275,agent_hangup,ended,Neutral,Successful,2030.5
07/11/2026 14:52,1:11,$0.237,agent_hangup,ended,Neutral,Successful,2203.6
07/12/2026 12:22,0:46,$0.154,agent_hangup,ended,Positive,Successful,3674.5
07/12/2026 11:58,1:22,$0.274,agent_hangup,ended,Neutral,Successful,2483.8
07/13/2026 12:44,1:44,$0.346,user_hangup,ended,Negative,Successful,1529.2
07/13/2026 04:41,1:50,$0.365,agent_hangup,ended,Neutral,Unsuccessful,2455.8
07/13/2026 11:26,1:24,$0.280,agent_hangup,ended,Neutral,Unsuccessful,2582.0
07/13/2026 15:21,1:10,$0.232,user_hangup,ended,Neutral,Unsuccessful,2557.3
07/13/2026 07:35,0:58,$0.193,agent_hangup,ended,Neutral,Unsuccessful,2588.9
07/13/2026 15:25,0:24,$0.081,agent_hangup,ended,Neutral,Unsuccessful,2626.0
07/13/2026 08:43,0:54,$0.181,agent_hangup,ended,Neutral,Successful,2592.3
07/13/2026 10:44,1:15,$0.250,agent_hangup,ended,Neutral,Successful,2369.0
07/13/2026 09:52,0:16,$0.055,user_hangup,ended,Neutral,Successful,2546.0
07/13/2026 05:57,0:44,$0.148,user_hangup,ended,Neutral,Unsuccessful,2397.3
07/13/2026 08:51,1:10,$0.233,user_hangup,ended,Neutral,Unsuccessful,2143.2
07/13/2026 18:17,1:21,$0.268,agent_hangup,ended,Neutral,Unsuccessful,1844.0
07/13/2026 08:38,1:15,$0.248,agent_hangup,ended,Negative,Unsuccessful,2148.1
07/14/2026 07:14,1:12,$0.240,agent_hangup,ended,Positive,Successful,2494.7
07/14/2026 11:52,1:36,$0.318,user_hangup,ended,Neutral,Successful,2077.7
07/14/2026 10:26,1:53,$0.374,agent_hangup,ended,Neutral,Unsuccessful,3118.9
07/14/2026 09:30,0:36,$0.121,user_hangup,ended,Neutral,Successful,2695.0
07/14/2026 11:48,1:00,$0.200,user_hangup,ended,Neutral,Successful,1742.7
07/14/2026 09:54,1:47,$0.355,agent_hangup,ended,Neutral,Successful,2250.2
07/14/2026 11:54,1:49,$0.363,agent_hangup,ended,Neutral,Successful,1749.9
07/14/2026 09:30,1:03,$0.208,user_hangup,ended,Positive,Successful,3086.6
07/15/2026 08:01,1:13,$0.243,agent_hangup,ended,Positive,Unsuccessful,2855.2
07/15/2026 12:46,2:17,$0.453,user_hangup,ended,Neutral,Unsuccessful,3092.9
07/15/2026 16:05,0:55,$0.184,user_hangup,ended,Neutral,Successful,2513.1
07/15/2026 18:09,1:58,$0.392,user_hangup,ended,Neutral,Successful,2029.5
07/15/2026 14:48,2:19,$0.462,agent_hangup,ended,Neutral,Successful,2570.1
07/15/2026 11:00,1:39,$0.327,user_hangup,ended,Neutral,Unsuccessful,2192.7
07/15/2026 07:02,1:26,$0.284,user_hangup,ended,Neutral,Unsuccessful,1932.5
07/15/2026 07:16,2:05,$0.414,user_hangup,ended,Neutral,Successful,2993.6
07/15/2026 14:56,1:20,$0.265,agent_hangup,ended,Neutral,Unsuccessful,2790.2
07/16/2026 11:40,1:37,$0.322,user_hangup,ended,Neutral,Successful,2470.0
07/16/2026 11:40,2:57,$0.587,user_hangup,ended,Neutral,Unsuccessful,2561.9
07/16/2026 10:47,1:45,$0.348,agent_hangup,ended,Neutral,Successful,2008.1
07/16/2026 12:53,0:47,$0.155,user_hangup,ended,Positive,Unsuccessful,2800.3
07/16/2026 10:46,0:45,$0.151,agent_hangup,ended,Neutral,Successful,2542.4
07/16/2026 09:39,1:18,$0.259,agent_hangup,ended,Neutral,Successful,2864.8
07/16/2026 08:21,1:02,$0.207,agent_hangup,ended,Neutral,Unsuccessful,3164.5
07/16/2026 12:02,1:55,$0.382,user_hangup,ended,Neutral,Unsuccessful,2390.9
07/17/2026 09:21,1:25,$0.284,user_hangup,ended,Neutral,Unsuccessful,3183.1
07/17/2026 10:18,1:03,$0.210,user_hangup,ended,Neutral,Unsuccessful,2512.5
07/17/2026 07:13,0:40,$0.134,user_hangup,ended,Neutral,Successful,3298.6
07/17/2026 10:02,0:25,$0.083,agent_hangup,ended,Neutral,Unsuccessful,2626.5
07/17/2026 12:03,1:39,$0.328,user_hangup,ended,Neutral,Unsuccessful,2949.9
07/17/2026 14:02,1:39,$0.329,user_hangup,ended,Neutral,Successful,3147.2
07/17/2026 10:33,1:32,$0.304,user_hangup,ended,Neutral,Successful,2687.8
07/17/2026 13:28,1:26,$0.287,agent_hangup,ended,Neutral,Successful,2426.9
07/17/2026 11:06,0:58,$0.194,user_hangup,ended,Neutral,Successful,2320.6
07/17/2026 10:08,0:32,$0.107,user_hangup,ended,Neutral,Successful,2878.8
07/17/2026 12:17,1:50,$0.364,agent_hangup,ended,Neutral,Unsuccessful,3037.6
07/17/2026 06:55,2:00,$0.397,user_hangup,ended,Neutral,Unsuccessful,2826.7
07/17/2026 13:34,1:17,$0.256,agent_hangup,ended,Neutral,Unsuccessful,2979.1
07/18/2026 14:10,2:20,$0.464,user_hangup,ended,Neutral,Unsuccessful,2059.6
07/19/2026 11:52,1:20,$0.264,agent_hangup,ended,Neutral,Unsuccessful,2420.8
07/19/2026 10:04,0:15,$0.052,agent_hangup,ended,Neutral,Successful,2405.8
07/20/2026 07:12,0:57,$0.189,user_hangup,ended,Neutral,Successful,2678.8
07/20/2026 11:31,1:33,$0.309,user_hangup,ended,Neutral,Successful,2062.8
07/20/2026 04:33,0:17,$0.058,user_hangup,ended,Neutral,Unsuccessful,2039.1
07/20/2026 12:15,0:00,$0.000,user_hangup,not_connected,Positive,Unsuccessful,2305.1
07/20/2026 06:40,1:51,$0.370,user_hangup,ended,Neutral,Successful,3004.9
07/20/2026 07:53,1:51,$0.366,user_hangup,ended,Neutral,Successful,2342.3
07/20/2026 11:15,1:39,$0.329,agent_hangup,ended,Neutral,Successful,2715.6
07/20/2026 10:01,2:20,$0.463,user_hangup,ended,Positive,Unsuccessful,2501.1
07/21/2026 11:35,1:05,$0.218,agent_hangup,ended,Neutral,Successful,2779.4
07/21/2026 12:48,3:48,$0.753,agent_hangup,ended,Neutral,Unsuccessful,1965.2
07/21/2026 13:10,1:09,$0.228,user_hangup,ended,Neutral,Unsuccessful,2295.7
07/21/2026 08:35,1:56,$0.385,user_hangup,ended,Neutral,Unsuccessful,1943.2
07/21/2026 10:12,1:36,$0.319,user_hangup,ended,Neutral,Unsuccessful,1862.5
07/21/2026 08:21,1:21,$0.270,agent_hangup,ended,Neutral,Successful,2816.9
07/21/2026 15:20,0:14,$0.048,user_hangup,ended,Neutral,Unsuccessful,2484.3
07/21/2026 06:29,1:05,$0.215,user_hangup,ended,Neutral,Successful,2512.9
07/21/2026 09:11,1:38,$0.324,user_hangup,ended,Neutral,Unsuccessful,2215.6
07/21/2026 10:52,1:51,$0.368,user_hangup,ended,Neutral,Successful,2197.3
07/21/2026 13:29,1:25,$0.281,user_hangup,ended,Neutral,Successful,2132.1
07/22/2026 09:42,1:02,$0.205,agent_hangup,ended,Neutral,Successful,1567.6
07/22/2026 11:39,1:21,$0.270,agent_hangup,ended,Neutral,Successful,2709.2
07/22/2026 12:54,2:31,$0.501,agent_hangup,ended,Neutral,Successful,2127.1
07/22/2026 11:56,1:21,$0.269,user_hangup,ended,Neutral,Unsuccessful,2342.1
07/22/2026 11:51,1:37,$0.322,agent_hangup,ended,Neutral,Successful,2764.3
07/22/2026 12:26,1:11,$0.236,agent_hangup,ended,Neutral,Unsuccessful,2478.6
07/22/2026 04:20,2:15,$0.447,agent_hangup,ended,Neutral,Successful,2730.7
07/22/2026 10:18,1:53,$0.374,user_hangup,ended,Neutral,Successful,2872.3
07/22/2026 03:16,1:34,$0.313,agent_hangup,ended,Neutral,Unsuccessful,2578.5
07/22/2026 07:12,1:22,$0.272,agent_hangup,ended,Positive,Unsuccessful,2093.4
07/22/2026 11:50,1:39,$0.329,user_hangup,ended,Neutral,Successful,2398.5
07/23/2026 14:06,0:59,$0.197,agent_hangup,ended,Neutral,Unsuccessful,2115.8
07/23/2026 09:52,1:52,$0.370,user_hangup,ended,Neutral,Unsuccessful,2818.8
07/23/2026 15:07,1:55,$0.382,agent_hangup,ended,Neutral,Unsuccessful,2452.0
07/23/2026 10:59,1:05,$0.217,user_hangup,ended,Neutral,Unsuccessful,2607.6
07/23/2026 17:15,2:47,$0.552,agent_hangup,ended,Neutral,Successful,3089.7
07/23/2026 16:58,1:30,$0.298,agent_hangup,ended,Positive,Successful,2136.6
07/23/2026 08:45,0:50,$0.168,agent_hangup,ended,Positive,Unsuccessful,2879.4
07/23/2026 08:01,0:46,$0.154,user_hangup,ended,Neutral,Unsuccessful,2554.6
07/23/2026 11:55,1:45,$0.349,agent_hangup,ended,Neutral,Successful,2616.4
07/23/2026 09:20,0:56,$0.186,user_hangup,ended,Neutral,Successful,3125.9
07/23/2026 08:17,0:55,$0.182,user_hangup,ended,Negative,Successful,2425.8
07/23/2026 06:02,0:42,$0.140,user_hangup,ended,Neutral,Unsuccessful,2276.1
07/24/2026 09:46,0:38,$0.126,agent_hangup,ended,Positive,Successful,2690.8
07/24/2026 14:39,0:41,$0.136,user_hangup,ended,Neutral,Unsuccessful,2207.5
07/24/2026 10:08,1:42,$0.339,agent_hangup,ended,Neutral,Unsuccessful,2268.4
07/24/2026 09:59,1:55,$0.383,agent_hangup,ended,Neutral,Unsuccessful,2233.8
07/24/2026 11:11,0:57,$0.189,agent_hangup,ended,Neutral,Successful,2908.1
07/24/2026 08:01,1:13,$0.243,user_hangup,ended,Positive,Unsuccessful,1845.0
07/24/2026 05:21,1:53,$0.375,user_hangup,ended,Neutral,Successful,1958.7
07/26/2026 11:40,0:41,$0.137,agent_hangup,ended,Neutral,Unsuccessful,2145.6
07/27/2026 15:47,1:42,$0.338,agent_hangup,ended,Neutral,Unsuccessful,2973.2
07/27/2026 11:42,3:17,$0.652,agent_hangup,ended,Neutral,Successful,2658.9
07/27/2026 11:27,0:34,$0.115,user_hangup,ended,Neutral,Successful,2160.6
07/27/2026 07:47,1:29,$0.295,user_hangup,ended,Positive,Successful,2527.3
07/27/2026 10:58,2:03,$0.409,user_hangup,ended,Neutral,Successful,2676.0
07/27/2026 12:24,2:07,$0.420,user_hangup,ended,Neutral,Successful,2782.0
07/27/2026 07:14,1:10,$0.233,agent_hangup,ended,Neutral,Successful,2445.3
07/27/2026 09:44,1:43,$0.341,user_hangup,ended,Neutral,Unsuccessful,1861.0
07/27/2026 04:51,1:32,$0.306,user_hangup,ended,Neutral,Successful,3120.5
07/27/2026 08:09,1:23,$0.275,agent_hangup,ended,Neutral,Successful,2573.4
07/27/2026 05:36,2:50,$0.562,user_hangup,ended,Neutral,Successful,2344.9
07/27/2026 11:13,1:32,$0.306,agent_hangup,ended,Neutral,Successful,2613.2
07/27/2026 11:43,1:23,$0.274,agent_hangup,ended,Neutral,Unsuccessful,2677.0
07/28/2026 08:07,1:18,$0.258,agent_hangup,ended,Negative,Successful,2509.4
07/28/2026 10:29,1:18,$0.259,user_hangup,ended,Neutral,Unsuccessful,1967.9
07/28/2026 07:20,1:05,$0.215,user_hangup,ended,Neutral,Successful,2635.8
07/28/2026 13:43,0:29,$0.097,agent_hangup,ended,Neutral,Successful,2246.3
07/28/2026 12:23,0:34,$0.115,user_hangup,ended,Neutral,Unsuccessful,2493.0
07/28/2026 11:15,2:12,$0.437,agent_hangup,ended,Positive,Unsuccessful,2390.7
07/28/2026 11:51,1:06,$0.219,agent_hangup,ended,Neutral,Unsuccessful,2784.1
07/28/2026 06:48,1:05,$0.215,user_hangup,ended,Neutral,Unsuccessful,2471.7
07/28/2026 11:37,1:19,$0.263,user_hangup,ended,Negative,Unsuccessful,3016.8
07/28/2026 11:36,1:21,$0.268,user_hangup,ended,Neutral,Unsuccessful,2618.4
07/28/2026 06:22,1:07,$0.224,user_hangup,ended,Neutral,Unsuccessful,2173.0
07/28/2026 06:12,1:33,$0.309,agent_hangup,ended,Neutral,Successful,3098.9
07/29/2026 11:47,2:05,$0.413,user_hangup,ended,Positive,Unsuccessful,2075.2
07/29/2026 07:54,1:39,$0.328,agent_hangup,ended,Neutral,Successful,2531.8
07/29/2026 11:17,1:34,$0.311,user_hangup,ended,Positive,Unsuccessful,3004.8
07/29/2026 11:36,1:35,$0.315,user_hangup,ended,Neutral,Successful,2829.2
07/29/2026 11:24,1:51,$0.366,user_hangup,ended,Neutral,Successful,2892.2
07/29/2026 12:26,1:12,$0.238,user_hangup,ended,Neutral,Successful,2655.8
07/29/2026 12:09,1:43,$0.343,agent_hangup,ended,Neutral,Successful,2117.5
07/29/2026 15:40,1:48,$0.359,agent_hangup,ended,Neutral,Successful,2203.7
07/29/2026 10:28,0:41,$0.136,user_hangup,ended,Neutral,Unsuccessful,1973.2
07/29/2026 06:32,1:37,$0.321,user_hangup,ended,Positive,Successful,2593.7
07/29/2026 09:08,2:10,$0.431,user_hangup,ended,Neutral,Successful,2805.5
07/29/2026 15:50,1:55,$0.380,user_hangup,ended,Neutral,Unsuccessful,2520.8
07/29/2026 10:58,1:39,$0.328,agent_hangup,ended,Positive,Unsuccessful,1800.6
